Report Title,Tradebook report,,,,,,,,
Date Range,REDACTED (merged export),,,,,,,,
Client Name,REDACTED,,,,,,,,
Client ID,REDACTED,,,,,,,,
PAN,REDACTED,,,,,,,,
Download Timestamp,REDACTED,,,,,,,,
,,,,,,,,,
Name,Date & time,Side,Product type,Qty,Traded price,Total value,Segment,Exchange order ID,OMS order ID
NIFTY26APR24050CE,"28 Apr 2026, 01:26:55 PM",BUY,Overnight,65.00,21.80,"1,417.00",Derivatives,REDACTED,REDACTED
NIFTY26APR24050CE,"28 Apr 2026, 01:33:54 PM",SELL,Overnight,65.00,10.05,"653.25",Derivatives,REDACTED,REDACTED
NIFTY2660224000CE,"26 May 2026, 11:37:35 AM",BUY,Intraday BO,65.00,229.20,"14,898.00",Derivatives,REDACTED,REDACTED
NIFTY2660224000CE,"26 May 2026, 11:42:00 AM",SELL,Intraday BO,65.00,230.40,"14,976.00",Derivatives,REDACTED,REDACTED
NIFTY26MAY24000PE,"26 May 2026, 01:06:22 PM",BUY,Overnight,65.00,49.45,"3,214.25",Derivatives,REDACTED,REDACTED
NIFTY26MAY24000PE,"26 May 2026, 02:06:08 PM",SELL,Overnight,65.00,89.55,"5,820.75",Derivatives,REDACTED,REDACTED
NIFTY26MAY23950PE,"26 May 2026, 02:31:03 PM",BUY,Intraday,65.00,42.55,"2,765.75",Derivatives,REDACTED,REDACTED
NIFTY26MAY23950PE,"26 May 2026, 02:33:10 PM",SELL,Intraday,65.00,37.35,"2,427.75",Derivatives,REDACTED,REDACTED
NIFTY2660224050PE,"27 May 2026, 12:59:21 PM",BUY,Intraday,65.00,221.85,"14,420.25",Derivatives,REDACTED,REDACTED
NIFTY2660224050PE,"27 May 2026, 01:21:07 PM",SELL,Intraday,65.00,229.30,"14,904.50",Derivatives,REDACTED,REDACTED
NIFTY2660224100PE,"27 May 2026, 01:42:44 PM",BUY,Intraday,65.00,262.90,"17,088.50",Derivatives,REDACTED,REDACTED
NIFTY2660224100PE,"27 May 2026, 02:24:04 PM",SELL,Intraday,65.00,244.60,"15,899.00",Derivatives,REDACTED,REDACTED
NIFTY2660224100PE,"27 May 2026, 02:36:05 PM",BUY,Intraday,65.00,284.45,"18,489.25",Derivatives,REDACTED,REDACTED
NIFTY2660224100PE,"27 May 2026, 03:07:26 PM",SELL,Intraday,65.00,258.15,"16,779.75",Derivatives,REDACTED,REDACTED
NIFTY2660223900CE,"29 May 2026, 10:42:04 AM",BUY,Intraday,65.00,176.95,"11,501.75",Derivatives,REDACTED,REDACTED
NIFTY2660223900CE,"29 May 2026, 10:48:31 AM",SELL,Intraday,65.00,162.00,"10,530.00",Derivatives,REDACTED,REDACTED
NIFTY2660224100PE,"29 May 2026, 10:48:45 AM",BUY,Intraday BO,65.00,219.35,"14,257.75",Derivatives,REDACTED,REDACTED
NIFTY2660224100PE,"29 May 2026, 10:49:54 AM",SELL,Intraday BO,65.00,216.75,"14,088.75",Derivatives,REDACTED,REDACTED
NIFTY2660224100PE,"29 May 2026, 10:53:51 AM",BUY,Intraday,65.00,235.00,"15,275.00",Derivatives,REDACTED,REDACTED
NIFTY2660224100PE,"29 May 2026, 11:50:47 AM",SELL,Intraday,65.00,212.55,"13,815.75",Derivatives,REDACTED,REDACTED
NIFTY26JUN23900CE,"24 Jun 2026, 10:15:03 AM",BUY,Intraday,65.00,165.75,"10,773.75",Derivatives,REDACTED,REDACTED
NIFTY26JUN23900CE,"24 Jun 2026, 10:27:32 AM",SELL,Intraday,65.00,199.95,"12,996.75",Derivatives,REDACTED,REDACTED
NIFTY26JUN24150CE,"25 Jun 2026, 09:20:03 AM",BUY,Intraday,65.00,108.10,"7,026.50",Derivatives,REDACTED,REDACTED
NIFTY26JUN24150CE,"25 Jun 2026, 11:15:14 AM",SELL,Intraday,65.00,139.60,"9,074.00",Derivatives,REDACTED,REDACTED
NIFTY26JUN24100CE,"29 Jun 2026, 10:35:02 AM",BUY,Intraday,65.00,91.25,"5,931.25",Derivatives,REDACTED,REDACTED
NIFTY26JUN24100CE,"29 Jun 2026, 11:35:41 AM",SELL,Intraday,65.00,60.15,"3,909.75",Derivatives,REDACTED,REDACTED
NIFTY26JUN23950CE,"30 Jun 2026, 11:20:00 AM",BUY,Intraday,65.00,45.50,"2,957.50",Derivatives,REDACTED,REDACTED
NIFTY26JUN23950CE,"30 Jun 2026, 11:24:09 AM",SELL,Intraday,65.00,79.05,"5,138.25",Derivatives,REDACTED,REDACTED
NIFTY2670724100CE,"02 Jul 2026, 09:20:01 AM",BUY,Intraday,65.00,140.80,"9,152.00",Derivatives,REDACTED,REDACTED
NIFTY2670724100CE,"02 Jul 2026, 09:41:29 AM",SELL,Intraday,65.00,172.45,"11,209.25",Derivatives,REDACTED,REDACTED
NIFTY2670724450PE,"07 Jul 2026, 12:35:03 PM",BUY,Intraday,65.00,22.25,"1,446.25",Derivatives,REDACTED,REDACTED
NIFTY2670724450PE,"07 Jul 2026, 03:10:02 PM",SELL,Intraday,65.00,43.40,"2,821.00",Derivatives,REDACTED,REDACTED
NIFTY2671424050CE,"09 Jul 2026, 09:35:01 AM",BUY,Intraday,65.00,144.05,"9,363.25",Derivatives,REDACTED,REDACTED
NIFTY2671424050CE,"09 Jul 2026, 10:41:56 AM",SELL,Intraday,65.00,176.05,"11,443.25",Derivatives,REDACTED,REDACTED
NIFTY2671424200CE,"10 Jul 2026, 09:25:03 AM",BUY,Intraday,65.00,108.25,"7,036.25",Derivatives,REDACTED,REDACTED
NIFTY2671424200CE,"10 Jul 2026, 03:10:01 PM",SELL,Intraday,65.00,104.80,"6,812.00",Derivatives,REDACTED,REDACTED
NIFTY2671424000PE,"13 Jul 2026, 09:20:03 AM",BUY,Intraday,65.00,86.85,"5,645.25",Derivatives,REDACTED,REDACTED
NIFTY2671424000PE,"13 Jul 2026, 09:58:50 AM",SELL,Intraday,65.00,55.40,"3,601.00",Derivatives,REDACTED,REDACTED
NIFTY2671424150CE,"14 Jul 2026, 11:20:00 AM",BUY,Intraday,65.00,30.90,"2,008.50",Derivatives,REDACTED,REDACTED
NIFTY2671424150CE,"14 Jul 2026, 03:10:01 PM",SELL,Intraday,65.00,0.10,"6.50",Derivatives,REDACTED,REDACTED
NIFTY2672124150CE,"15 Jul 2026, 09:20:02 AM",BUY,Intraday,65.00,159.95,"10,396.75",Derivatives,REDACTED,REDACTED
NIFTY2672124150CE,"15 Jul 2026, 09:31:28 AM",SELL,Intraday,65.00,191.15,"12,424.75",Derivatives,REDACTED,REDACTED
NIFTY2672124150CE,"16 Jul 2026, 09:20:04 AM",BUY,Intraday,65.00,144.90,"9,418.50",Derivatives,REDACTED,REDACTED
NIFTY2672124150CE,"16 Jul 2026, 12:58:49 PM",SELL,Intraday,65.00,114.15,"7,419.75",Derivatives,REDACTED,REDACTED
NIFTY2672124200CE,"17 Jul 2026, 09:20:05 AM",BUY,Intraday,65.00,117.15,"7,614.75",Derivatives,REDACTED,REDACTED
NIFTY2672124200CE,"17 Jul 2026, 10:18:25 AM",SELL,Intraday,65.00,151.10,"9,821.50",Derivatives,REDACTED,REDACTED
NIFTY2672124200PE,"20 Jul 2026, 09:25:01 AM",BUY,Intraday,65.00,98.20,"6,383.00",Derivatives,REDACTED,REDACTED
NIFTY2672124200PE,"20 Jul 2026, 12:48:12 PM",SELL,Intraday,65.00,130.55,"8,485.75",Derivatives,REDACTED,REDACTED
NIFTY2672124250PE,"21 Jul 2026, 09:40:02 AM",BUY,Intraday,65.00,59.65,"3,877.25",Derivatives,REDACTED,REDACTED
NIFTY2672124250PE,"21 Jul 2026, 10:38:50 AM",SELL,Intraday,65.00,90.35,"5,872.75",Derivatives,REDACTED,REDACTED
NIFTY26JUL24100PE,"22 Jul 2026, 09:20:06 AM",BUY,Intraday,65.00,172.90,"11,238.50",Derivatives,REDACTED,REDACTED
NIFTY26JUL24100PE,"22 Jul 2026, 09:35:14 AM",SELL,Intraday,65.00,204.30,"13,279.50",Derivatives,REDACTED,REDACTED
NIFTY26JUL23900PE,"23 Jul 2026, 09:20:06 AM",BUY,Intraday,65.00,126.15,"8,199.75",Derivatives,REDACTED,REDACTED
NIFTY26JUL23900PE,"23 Jul 2026, 10:39:23 AM",SELL,Intraday,65.00,95.00,"6,175.00",Derivatives,REDACTED,REDACTED
NIFTY26JUL23750PE,"24 Jul 2026, 09:20:02 AM",BUY,Intraday,65.00,124.20,"8,073.00",Derivatives,REDACTED,REDACTED
NIFTY26JUL23750PE,"24 Jul 2026, 09:36:42 AM",SELL,Intraday,65.00,155.50,"10,107.50",Derivatives,REDACTED,REDACTED
