run,symbol,entry_date,entry_price,exit_date,exit_price,qty,exit_reason
ml_net,KIRLOSBROS,2025-07-04T00:00:00+00:00,2333,2025-07-11T00:00:00+00:00,2193.8,21,rank_dropout
ml_net,COCHINSHIP,2025-07-04T00:00:00+00:00,2057.3,2025-07-11T00:00:00+00:00,1982.8,24,rank_dropout
ml_net,INOXINDIA,2025-07-04T00:00:00+00:00,1257.7,2025-07-11T00:00:00+00:00,1232.5,39,rank_dropout
ml_net,TITAGARH,2025-07-04T00:00:00+00:00,941.2,2025-07-18T00:00:00+00:00,926.05,53,rank_dropout
ml_net,KAYNES,2025-07-04T00:00:00+00:00,6156.5,2025-07-18T00:00:00+00:00,5853,8,rank_dropout
ml_net,INOXWIND,2025-07-04T00:00:00+00:00,177.41,2025-07-18T00:00:00+00:00,162.23,281,rank_dropout
ml_net,NEWGEN,2025-07-04T00:00:00+00:00,1134.3,2025-07-18T00:00:00+00:00,962.6,44,rank_dropout
ml_net,WOCKPHARMA,2025-07-11T00:00:00+00:00,1757.1,2025-07-18T00:00:00+00:00,1773.9,28,rank_dropout
ml_net,KIRLOSENG,2025-07-11T00:00:00+00:00,914.85,2025-07-18T00:00:00+00:00,917.85,54,rank_dropout
ml_net,RAILTEL,2025-07-04T00:00:00+00:00,418.75,2025-07-25T00:00:00+00:00,394.35,119,rank_dropout
ml_net,JKTYRE,2025-07-04T00:00:00+00:00,367.85,2025-07-25T00:00:00+00:00,345,135,rank_dropout
ml_net,TARIL,2025-07-18T00:00:00+00:00,512.45,2025-07-25T00:00:00+00:00,491.25,97,rank_dropout
ml_net,IDEA,2025-07-18T00:00:00+00:00,7.72,2025-07-25T00:00:00+00:00,7.2,5741,rank_dropout
ml_net,JSWHL,2025-07-04T00:00:00+00:00,22290,2025-08-01T00:00:00+00:00,19161,2,rank_dropout
ml_net,PGEL,2025-07-11T00:00:00+00:00,767.7,2025-08-01T00:00:00+00:00,778.65,65,rank_dropout
ml_net,MMTC,2025-07-25T00:00:00+00:00,67.13,2025-08-01T00:00:00+00:00,66.27,744,rank_dropout
ml_net,BSE,2025-07-25T00:00:00+00:00,2454,2025-08-01T00:00:00+00:00,2411.3,20,rank_dropout
ml_net,GMDCLTD,2025-07-25T00:00:00+00:00,434.4,2025-08-01T00:00:00+00:00,381.9,115,rank_dropout
ml_net,HSCL,2025-07-25T00:00:00+00:00,498.35,2025-08-01T00:00:00+00:00,462.75,65,rank_dropout
ml_net,CONCORDBIO,2025-07-18T00:00:00+00:00,1893.9,2025-08-08T00:00:00+00:00,1598,26,rank_dropout
ml_net,SCHNEIDER,2025-08-01T00:00:00+00:00,1001.3,2025-08-08T00:00:00+00:00,934.7,49,rank_dropout
ml_net,GVT&D,2025-08-01T00:00:00+00:00,2863.1,2025-08-08T00:00:00+00:00,2804.5,17,rank_dropout
ml_net,TARIL,2025-08-01T00:00:00+00:00,515.05,2025-08-08T00:00:00+00:00,491.2,44,rank_dropout
ml_net,SCI,2025-07-04T00:00:00+00:00,221.43,2025-08-14T00:00:00+00:00,207.62,225,rank_dropout
ml_net,SYRMA,2025-07-04T00:00:00+00:00,609.55,2025-08-14T00:00:00+00:00,692.65,82,rank_dropout
ml_net,OIL,2025-07-18T00:00:00+00:00,447.9,2025-08-14T00:00:00+00:00,400.75,111,rank_dropout
ml_net,PTCIL,2025-08-01T00:00:00+00:00,14801,2025-08-14T00:00:00+00:00,13731,3,rank_dropout
ml_net,KAJARIACER,2025-08-08T00:00:00+00:00,1308.5,2025-08-14T00:00:00+00:00,1267.8,38,rank_dropout
ml_net,ZENTEC,2025-07-04T00:00:00+00:00,1932.7,2025-08-22T00:00:00+00:00,1492.6,25,rank_dropout
ml_net,NEULANDLAB,2025-07-04T00:00:00+00:00,11999,2025-08-22T00:00:00+00:00,13888,4,rank_dropout
ml_net,RRKABEL,2025-07-18T00:00:00+00:00,1471.5,2025-08-22T00:00:00+00:00,1215.8,33,rank_dropout
ml_net,KAYNES,2025-08-01T00:00:00+00:00,6371.5,2025-08-22T00:00:00+00:00,6209,7,rank_dropout
ml_net,AKUMS,2025-08-08T00:00:00+00:00,480.35,2025-08-22T00:00:00+00:00,480.05,104,rank_dropout
ml_net,GMDCLTD,2025-08-08T00:00:00+00:00,402.05,2025-08-22T00:00:00+00:00,427.3,124,rank_dropout
ml_net,GVT&D,2025-08-14T00:00:00+00:00,2844.2,2025-08-22T00:00:00+00:00,2770,13,rank_dropout
ml_net,ABFRL,2025-08-22T00:00:00+00:00,81.25,2025-08-29T00:00:00+00:00,77.35,615,rank_dropout
ml_net,IDEA,2025-08-22T00:00:00+00:00,7.07,2025-08-29T00:00:00+00:00,6.49,7072,rank_dropout
ml_net,GPIL,2025-08-22T00:00:00+00:00,238.61,2025-08-29T00:00:00+00:00,232.38,209,rank_dropout
ml_net,HSCL,2025-08-08T00:00:00+00:00,449.35,2025-09-05T00:00:00+00:00,454.8,15,rank_dropout
ml_net,TECHNOE,2025-08-14T00:00:00+00:00,1493.9,2025-09-05T00:00:00+00:00,1506,33,rank_dropout
ml_net,SCI,2025-08-22T00:00:00+00:00,216.41,2025-09-05T00:00:00+00:00,208.95,231,rank_dropout
ml_net,NAVA,2025-08-22T00:00:00+00:00,671.85,2025-09-05T00:00:00+00:00,678.65,74,rank_dropout
ml_net,NEWGEN,2025-08-29T00:00:00+00:00,883.2,2025-09-05T00:00:00+00:00,886.75,56,rank_dropout
ml_net,PTCIL,2025-08-29T00:00:00+00:00,14011,2025-09-05T00:00:00+00:00,13583,1,rank_dropout
ml_net,BASF,2025-08-29T00:00:00+00:00,4609.4,2025-09-12T00:00:00+00:00,4616.1,10,rank_dropout
ml_net,ABFRL,2025-09-05T00:00:00+00:00,85.92,2025-09-12T00:00:00+00:00,88.38,459,rank_dropout
ml_net,FIRSTCRY,2025-08-14T00:00:00+00:00,370.45,2025-09-19T00:00:00+00:00,390.15,134,rank_dropout
ml_net,SYRMA,2025-09-05T00:00:00+00:00,831.25,2025-09-19T00:00:00+00:00,827.55,60,rank_dropout
ml_net,NEULANDLAB,2025-09-05T00:00:00+00:00,14459,2025-09-19T00:00:00+00:00,15467,3,rank_dropout
ml_net,AIIL,2025-07-18T00:00:00+00:00,560.96,2025-09-26T00:00:00+00:00,593.1,89,rank_dropout
ml_net,TANLA,2025-09-19T00:00:00+00:00,753.7,2025-09-26T00:00:00+00:00,693.3,64,rank_dropout
ml_net,ABFRL,2025-09-19T00:00:00+00:00,92.11,2025-09-26T00:00:00+00:00,84.9,2,rank_dropout
ml_net,IFCI,2025-07-04T00:00:00+00:00,62.58,2025-10-03T00:00:00+00:00,58.15,798,rank_dropout
ml_net,HONASA,2025-08-01T00:00:00+00:00,271.5,2025-10-03T00:00:00+00:00,292.05,184,rank_dropout
ml_net,OLAELEC,2025-08-14T00:00:00+00:00,41.31,2025-10-03T00:00:00+00:00,53.99,1210,rank_dropout
ml_net,KIRLOSENG,2025-08-22T00:00:00+00:00,948.9,2025-10-03T00:00:00+00:00,901.75,52,rank_dropout
ml_net,JSWHL,2025-08-29T00:00:00+00:00,17400,2025-10-03T00:00:00+00:00,15884,2,rank_dropout
ml_net,ANANDRATHI,2025-09-05T00:00:00+00:00,1470.95,2025-10-03T00:00:00+00:00,1436.2,33,rank_dropout
ml_net,RAYMONDLSL,2025-09-12T00:00:00+00:00,1321.9,2025-10-03T00:00:00+00:00,1163.9,37,rank_dropout
ml_net,NAVA,2025-09-19T00:00:00+00:00,717.3,2025-10-03T00:00:00+00:00,652.15,69,rank_dropout
ml_net,SCI,2025-09-26T00:00:00+00:00,225.45,2025-10-03T00:00:00+00:00,228.61,208,rank_dropout
ml_net,ADANIGREEN,2025-09-12T00:00:00+00:00,981.7,2025-10-10T00:00:00+00:00,1064.3,38,rank_dropout
ml_net,ADANIPOWER,2025-09-26T00:00:00+00:00,146.25,2025-10-10T00:00:00+00:00,149.7,341,rank_dropout
ml_net,USHAMART,2025-10-03T00:00:00+00:00,462.4,2025-10-10T00:00:00+00:00,469.65,6,rank_dropout
ml_net,TATAINVEST,2025-10-03T00:00:00+00:00,1000.2,2025-10-17T00:00:00+00:00,889,49,rank_dropout
ml_net,AIIL,2025-10-03T00:00:00+00:00,638.22,2025-10-17T00:00:00+00:00,632.44,78,rank_dropout
ml_net,WOCKPHARMA,2025-10-03T00:00:00+00:00,1460,2025-10-17T00:00:00+00:00,1342.7,34,rank_dropout
ml_net,NEULANDLAB,2025-10-03T00:00:00+00:00,15210,2025-10-17T00:00:00+00:00,16281,3,rank_dropout
ml_net,NUVAMA,2025-10-10T00:00:00+00:00,1447.1,2025-10-17T00:00:00+00:00,1404.1,34,rank_dropout
ml_net,BASF,2025-10-03T00:00:00+00:00,4687.5,2025-10-24T00:00:00+00:00,4461.8,10,rank_dropout
ml_net,GODFRYPHLP,2025-10-03T00:00:00+00:00,3425.4,2025-10-24T00:00:00+00:00,3122.7,14,rank_dropout
ml_net,FIRSTCRY,2025-10-03T00:00:00+00:00,372.1,2025-10-24T00:00:00+00:00,361.3,134,rank_dropout
ml_net,MAHSCOOTER,2025-10-10T00:00:00+00:00,17174,2025-10-24T00:00:00+00:00,16419,2,rank_dropout
ml_net,SYRMA,2025-10-10T00:00:00+00:00,843.65,2025-10-24T00:00:00+00:00,773.85,12,rank_dropout
ml_net,ADANIPOWER,2025-10-17T00:00:00+00:00,165.98,2025-10-24T00:00:00+00:00,167.72,220,rank_dropout
ml_net,TATAINVEST,2025-10-24T00:00:00+00:00,839,2025-10-31T00:00:00+00:00,799,59,rank_dropout
ml_net,SCHNEIDER,2025-10-24T00:00:00+00:00,840.45,2025-10-31T00:00:00+00:00,836.5,59,rank_dropout
ml_net,NUVAMA,2025-10-24T00:00:00+00:00,1435.2,2025-10-31T00:00:00+00:00,1418.4,11,rank_dropout
ml_net,RPOWER,2025-07-04T00:00:00+00:00,66.08,2025-11-07T00:00:00+00:00,39.19,756,rank_dropout
ml_net,AKUMS,2025-10-17T00:00:00+00:00,461.75,2025-11-07T00:00:00+00:00,453.35,108,rank_dropout
ml_net,HBLENGINE,2025-10-31T00:00:00+00:00,1004.2,2025-11-07T00:00:00+00:00,979.2,12,rank_dropout
ml_net,ANANDRATHI,2025-10-17T00:00:00+00:00,1562.55,2025-11-14T00:00:00+00:00,1511.15,31,rank_dropout
ml_net,PVRINOX,2025-10-31T00:00:00+00:00,1206.6,2025-11-14T00:00:00+00:00,1083.3,41,rank_dropout
ml_net,GPIL,2025-10-24T00:00:00+00:00,263.48,2025-11-21T00:00:00+00:00,241.7,189,rank_dropout
ml_net,LTF,2025-11-07T00:00:00+00:00,303.6,2025-11-21T00:00:00+00:00,288.7,164,rank_dropout
ml_net,JKTYRE,2025-11-07T00:00:00+00:00,458.5,2025-11-21T00:00:00+00:00,446.45,89,rank_dropout
ml_net,AIIL,2025-11-14T00:00:00+00:00,554.88,2025-11-21T00:00:00+00:00,534.32,1,rank_dropout
ml_net,SYRMA,2025-10-31T00:00:00+00:00,813.8,2025-11-28T00:00:00+00:00,820.25,61,rank_dropout
ml_net,SWIGGY,2025-11-21T00:00:00+00:00,385.45,2025-11-28T00:00:00+00:00,378.3,129,rank_dropout
ml_net,JYOTICNC,2025-11-21T00:00:00+00:00,992.15,2025-11-28T00:00:00+00:00,1010.25,50,rank_dropout
ml_net,PVRINOX,2025-11-21T00:00:00+00:00,1095.3,2025-11-28T00:00:00+00:00,1067.9,4,rank_dropout
ml_net,OLAELEC,2025-10-17T00:00:00+00:00,57.08,2025-12-05T00:00:00+00:00,35.5,875,rank_dropout
ml_net,KIRLOSENG,2025-10-17T00:00:00+00:00,890.1,2025-12-05T00:00:00+00:00,1130.8,56,rank_dropout
ml_net,ABCAPITAL,2025-11-28T00:00:00+00:00,358.05,2025-12-05T00:00:00+00:00,358.75,139,rank_dropout
ml_net,TATAINVEST,2025-11-28T00:00:00+00:00,745.75,2025-12-05T00:00:00+00:00,708.5,4,rank_dropout
ml_net,LTF,2025-11-28T00:00:00+00:00,312.35,2025-12-12T00:00:00+00:00,307.85,160,rank_dropout
ml_net,JKTYRE,2025-12-05T00:00:00+00:00,464.3,2025-12-12T00:00:00+00:00,455,102,rank_dropout
ml_net,NEWGEN,2025-10-24T00:00:00+00:00,892.75,2025-12-19T00:00:00+00:00,828.25,56,rank_dropout
ml_net,NEULANDLAB,2025-11-14T00:00:00+00:00,17461,2025-12-19T00:00:00+00:00,16044,2,rank_dropout
ml_net,MAHSCOOTER,2025-11-21T00:00:00+00:00,14639,2025-12-19T00:00:00+00:00,14018,2,rank_dropout
ml_net,CHENNPETRO,2025-07-04T00:00:00+00:00,771.15,2025-12-26T00:00:00+00:00,828.35,64,rank_dropout
ml_net,ZENTEC,2025-11-14T00:00:00+00:00,1434.4,2025-12-26T00:00:00+00:00,1374.8,34,rank_dropout
ml_net,HBLENGINE,2025-11-14T00:00:00+00:00,1041.3,2025-12-26T00:00:00+00:00,897.5,6,rank_dropout
ml_net,HYUNDAI,2025-12-12T00:00:00+00:00,2342.2,2025-12-26T00:00:00+00:00,2321.1,19,rank_dropout
ml_net,FIRSTCRY,2025-12-12T00:00:00+00:00,290.55,2025-12-26T00:00:00+00:00,285.2,3,rank_dropout
ml_net,ANANDRATHI,2025-12-19T00:00:00+00:00,1501.6,2025-12-26T00:00:00+00:00,1516.75,4,rank_dropout
ml_net,IKS,2025-12-26T00:00:00+00:00,1730.8,2026-01-02T00:00:00+00:00,1684.4,3,rank_dropout
ml_net,JWL,2025-12-26T00:00:00+00:00,347.55,2026-01-02T00:00:00+00:00,338.25,4,rank_dropout
ml_net,AIIL,2025-11-28T00:00:00+00:00,541.3,2026-01-09T00:00:00+00:00,609.56,92,rank_dropout
ml_net,KIRLOSENG,2025-12-19T00:00:00+00:00,1244.8,2026-01-09T00:00:00+00:00,1156.9,40,rank_dropout
ml_net,ITI,2025-07-04T00:00:00+00:00,326.9,2026-01-16T00:00:00+00:00,301.95,152,rank_dropout
ml_net,JPPOWER,2025-07-04T00:00:00+00:00,18.95,2026-01-16T00:00:00+00:00,16.24,2638,rank_dropout
ml_net,ABFRL,2025-10-03T00:00:00+00:00,87.99,2026-01-16T00:00:00+00:00,71.3,568,rank_dropout
ml_net,OLAELEC,2025-12-12T00:00:00+00:00,36.69,2026-01-16T00:00:00+00:00,37.24,1362,rank_dropout
ml_net,IGIL,2025-12-26T00:00:00+00:00,335,2026-01-16T00:00:00+00:00,315.25,149,rank_dropout
ml_net,NEWGEN,2026-01-02T00:00:00+00:00,840.15,2026-01-16T00:00:00+00:00,749.85,7,rank_dropout
ml_net,FIRSTCRY,2026-01-02T00:00:00+00:00,289.8,2026-01-16T00:00:00+00:00,272.85,2,rank_dropout
ml_net,ANANDRATHI,2026-01-09T00:00:00+00:00,1572.7,2026-01-16T00:00:00+00:00,1546.1,31,rank_dropout
ml_net,WOCKPHARMA,2026-01-16T00:00:00+00:00,1427.6,2026-01-23T00:00:00+00:00,1351.6,35,rank_dropout
ml_net,HYUNDAI,2026-01-16T00:00:00+00:00,2340.4,2026-01-23T00:00:00+00:00,2263.2,21,rank_dropout
ml_net,VEDL,2026-01-16T00:00:00+00:00,255.69,2026-01-23T00:00:00+00:00,256.24,195,rank_dropout
ml_net,ZENTEC,2026-01-16T00:00:00+00:00,1328.4,2026-01-23T00:00:00+00:00,1287.6,27,rank_dropout
ml_net,ANANTRAJ,2025-09-19T00:00:00+00:00,640.4,2026-02-01T00:00:00+00:00,531.05,78,rank_dropout
ml_net,JKTYRE,2025-12-19T00:00:00+00:00,485.75,2026-02-01T00:00:00+00:00,499.3,102,rank_dropout
ml_net,RKFORGE,2026-01-16T00:00:00+00:00,496.3,2026-02-01T00:00:00+00:00,510.1,1,rank_dropout
ml_net,GMDCLTD,2025-09-05T00:00:00+00:00,509,2026-02-06T00:00:00+00:00,600.1,98,rank_dropout
ml_net,NAVA,2025-12-05T00:00:00+00:00,526.4,2026-02-06T00:00:00+00:00,562.45,94,rank_dropout
ml_net,KIRLOSENG,2026-01-16T00:00:00+00:00,1170.3,2026-02-06T00:00:00+00:00,1170.6,42,rank_dropout
ml_net,MAHSCOOTER,2026-02-01T00:00:00+00:00,13157,2026-02-06T00:00:00+00:00,13567,3,rank_dropout
ml_net,JPPOWER,2026-02-01T00:00:00+00:00,14.88,2026-02-06T00:00:00+00:00,15.13,206,rank_dropout
ml_net,NEULANDLAB,2026-01-23T00:00:00+00:00,13251,2026-02-13T00:00:00+00:00,13056,3,rank_dropout
ml_net,OLAELEC,2026-01-23T00:00:00+00:00,31.95,2026-02-13T00:00:00+00:00,30.89,1233,rank_dropout
ml_net,IFCI,2026-02-06T00:00:00+00:00,60.18,2026-02-13T00:00:00+00:00,62.87,830,rank_dropout
ml_net,CONCORDBIO,2026-02-06T00:00:00+00:00,1327.2,2026-02-13T00:00:00+00:00,1184.4,37,rank_dropout
ml_net,GVT&D,2026-02-06T00:00:00+00:00,3552.2,2026-02-13T00:00:00+00:00,3553,1,rank_dropout
ml_net,SCI,2026-01-23T00:00:00+00:00,201.74,2026-02-20T00:00:00+00:00,254.96,247,rank_dropout
ml_net,RKFORGE,2026-02-06T00:00:00+00:00,555.85,2026-02-20T00:00:00+00:00,549.95,89,rank_dropout
ml_net,SAILIFE,2026-02-13T00:00:00+00:00,914.85,2026-02-20T00:00:00+00:00,941.4,54,rank_dropout
ml_net,RPOWER,2025-12-05T00:00:00+00:00,37.68,2026-02-27T00:00:00+00:00,23.97,1326,rank_dropout
ml_net,MCX,2026-01-16T00:00:00+00:00,2446,2026-02-27T00:00:00+00:00,2443.3,20,rank_dropout
ml_net,SYRMA,2026-01-23T00:00:00+00:00,665.35,2026-02-27T00:00:00+00:00,822.25,75,rank_dropout
ml_net,TARIL,2026-02-13T00:00:00+00:00,271.11,2026-02-27T00:00:00+00:00,310.14,101,rank_dropout
ml_net,GMDCLTD,2026-02-20T00:00:00+00:00,567.6,2026-02-27T00:00:00+00:00,569.4,2,rank_dropout
ml_net,NAVA,2026-02-13T00:00:00+00:00,554.45,2026-03-06T00:00:00+00:00,566.9,90,rank_dropout
ml_net,TEJASNET,2026-02-27T00:00:00+00:00,435.85,2026-03-06T00:00:00+00:00,465.05,114,rank_dropout
ml_net,JPPOWER,2026-02-27T00:00:00+00:00,15.25,2026-03-06T00:00:00+00:00,13.86,1621,rank_dropout
ml_net,PGEL,2026-02-06T00:00:00+00:00,584.9,2026-03-13T00:00:00+00:00,502.2,85,rank_dropout
ml_net,HYUNDAI,2026-02-20T00:00:00+00:00,2293.4,2026-03-13T00:00:00+00:00,2018,21,rank_dropout
ml_net,ANANDRATHI,2026-02-20T00:00:00+00:00,1508.7,2026-03-13T00:00:00+00:00,1519.65,9,rank_dropout
ml_net,ZENTEC,2026-03-06T00:00:00+00:00,1426.8,2026-03-13T00:00:00+00:00,1364.7,35,rank_dropout
ml_net,RKFORGE,2026-03-06T00:00:00+00:00,565.2,2026-03-13T00:00:00+00:00,559.25,46,rank_dropout
ml_net,CHENNPETRO,2026-01-09T00:00:00+00:00,782.7,2026-03-20T00:00:00+00:00,1064.75,63,rank_dropout
ml_net,SCHNEIDER,2026-02-27T00:00:00+00:00,906.45,2026-03-20T00:00:00+00:00,890,55,rank_dropout
ml_net,ABSLAMC,2026-03-13T00:00:00+00:00,932.8,2026-03-20T00:00:00+00:00,944.65,53,rank_dropout
ml_net,GRSE,2025-07-04T00:00:00+00:00,2973.9,2026-03-27T00:00:00+00:00,2068.4,16,rank_dropout
ml_net,JPPOWER,2026-03-13T00:00:00+00:00,13.9,2026-03-27T00:00:00+00:00,14.73,1591,rank_dropout
ml_net,WAAREEENER,2026-03-20T00:00:00+00:00,3165.9,2026-03-27T00:00:00+00:00,3092.6,15,rank_dropout
ml_net,FIRSTCRY,2026-03-20T00:00:00+00:00,250.87,2026-03-27T00:00:00+00:00,223.78,199,rank_dropout
ml_net,SAREGAMA,2026-03-20T00:00:00+00:00,344.1,2026-03-27T00:00:00+00:00,330.35,53,rank_dropout
ml_net,KIRLOSENG,2026-02-13T00:00:00+00:00,1379.9,2026-04-02T00:00:00+00:00,1383.9,36,rank_dropout
ml_net,PGEL,2026-03-20T00:00:00+00:00,512.75,2026-04-02T00:00:00+00:00,454.45,97,rank_dropout
ml_net,SCHNEIDER,2026-03-27T00:00:00+00:00,876.75,2026-04-02T00:00:00+00:00,906.05,17,rank_dropout
ml_net,GMDCLTD,2026-03-27T00:00:00+00:00,566.6,2026-04-10T00:00:00+00:00,603.1,88,rank_dropout
ml_net,NAVA,2026-03-27T00:00:00+00:00,550.05,2026-04-10T00:00:00+00:00,601.95,90,rank_dropout
ml_net,SARDAEN,2026-02-20T00:00:00+00:00,512,2026-04-17T00:00:00+00:00,595.5,97,rank_dropout
ml_net,PARADEEP,2026-04-02T00:00:00+00:00,115.37,2026-04-17T00:00:00+00:00,124.33,94,rank_dropout
ml_net,ANANDRATHI,2026-04-10T00:00:00+00:00,1789.25,2026-04-17T00:00:00+00:00,1844.9,27,rank_dropout
ml_net,KAYNES,2026-04-10T00:00:00+00:00,3896.3,2026-04-17T00:00:00+00:00,4214.4,2,rank_dropout
ml_net,FORCEMOT,2025-10-03T00:00:00+00:00,16807,2026-04-24T00:00:00+00:00,20347,2,rank_dropout
ml_net,IFCI,2026-03-13T00:00:00+00:00,57.21,2026-04-24T00:00:00+00:00,59.5,873,rank_dropout
ml_net,INOXWIND,2026-04-10T00:00:00+00:00,86.88,2026-04-24T00:00:00+00:00,100.13,575,rank_dropout
ml_net,SCI,2026-04-17T00:00:00+00:00,305.87,2026-04-24T00:00:00+00:00,288.29,1,rank_dropout
ml_net,NATIONALUM,2025-12-26T00:00:00+00:00,306.85,2026-04-30T00:00:00+00:00,399.3,162,rank_dropout
ml_net,TARIL,2026-03-06T00:00:00+00:00,293.65,2026-04-30T00:00:00+00:00,334.2,170,rank_dropout
ml_net,GALLANTT,2026-04-02T00:00:00+00:00,555.9,2026-04-30T00:00:00+00:00,861.85,89,rank_dropout
ml_net,SPLPETRO,2026-04-17T00:00:00+00:00,774.8,2026-04-30T00:00:00+00:00,757.3,38,rank_dropout
ml_net,JINDALSAW,2026-04-24T00:00:00+00:00,239.73,2026-04-30T00:00:00+00:00,222.75,208,rank_dropout
ml_net,JKTYRE,2026-02-06T00:00:00+00:00,541.45,2026-05-08T00:00:00+00:00,405.95,3,rank_dropout
ml_net,COHANCE,2026-03-27T00:00:00+00:00,302.7,2026-05-08T00:00:00+00:00,488.2,165,rank_dropout
ml_net,GMDCLTD,2026-04-17T00:00:00+00:00,736.9,2026-05-08T00:00:00+00:00,684.7,67,rank_dropout
ml_net,GRSE,2026-04-24T00:00:00+00:00,2878.7,2026-05-08T00:00:00+00:00,3051.3,17,rank_dropout
ml_net,HSCL,2026-04-30T00:00:00+00:00,607.75,2026-05-08T00:00:00+00:00,637.65,43,rank_dropout
ml_net,NEULANDLAB,2026-05-08T00:00:00+00:00,17666,2026-05-15T00:00:00+00:00,16590,2,rank_dropout
ml_net,KAYNES,2026-05-08T00:00:00+00:00,4507.5,2026-05-15T00:00:00+00:00,3271.9,5,rank_dropout
ml_net,OLAELEC,2026-03-06T00:00:00+00:00,24.07,2026-05-22T00:00:00+00:00,36.01,5,rank_dropout
ml_net,GABRIEL,2026-04-30T00:00:00+00:00,1025.6,2026-05-22T00:00:00+00:00,1120,48,rank_dropout
ml_net,ABFRL,2026-02-01T00:00:00+00:00,64.78,2026-05-29T00:00:00+00:00,64.61,771,rank_dropout
ml_net,GALLANTT,2026-05-08T00:00:00+00:00,869.25,2026-05-29T00:00:00+00:00,669.45,57,rank_dropout
ml_net,MCX,2026-05-22T00:00:00+00:00,3269.9,2026-05-29T00:00:00+00:00,2954.5,15,rank_dropout
ml_net,BSE,2026-05-22T00:00:00+00:00,4193.8,2026-05-29T00:00:00+00:00,4146.1,1,rank_dropout
ml_net,NETWEB,2025-08-14T00:00:00+00:00,2125,2026-06-05T00:00:00+00:00,4666,23,rank_dropout
ml_net,ADANIPOWER,2026-05-29T00:00:00+00:00,243.37,2026-06-05T00:00:00+00:00,232.6,5,rank_dropout
ml_net,HINDCOPPER,2025-12-26T00:00:00+00:00,475.6,2026-06-12T00:00:00+00:00,510,105,rank_dropout
ml_net,RPOWER,2026-03-13T00:00:00+00:00,22.25,2026-06-12T00:00:00+00:00,26.61,2247,rank_dropout
ml_net,IDEA,2026-05-22T00:00:00+00:00,13.73,2026-06-12T00:00:00+00:00,14.9,60,rank_dropout
ml_net,POWERINDIA,2026-05-29T00:00:00+00:00,38445,2026-06-12T00:00:00+00:00,34325,1,rank_dropout
ml_net,ZENTEC,2026-04-24T00:00:00+00:00,1674.4,2026-06-19T00:00:00+00:00,1997,29,rank_dropout
ml_net,ATHERENERG,2026-05-15T00:00:00+00:00,937.4,2026-06-19T00:00:00+00:00,971.7,53,rank_dropout
ml_net,OLAELEC,2026-06-05T00:00:00+00:00,44.88,2026-06-19T00:00:00+00:00,42.25,1114,rank_dropout
ml_net,ELECON,2026-06-12T00:00:00+00:00,536.85,2026-06-19T00:00:00+00:00,539.05,93,rank_dropout
ml_net,NETWEB,2026-06-12T00:00:00+00:00,4587.4,2026-06-19T00:00:00+00:00,5060.9,10,rank_dropout
ml_net,SCI,2026-04-30T00:00:00+00:00,304.48,2026-06-25T00:00:00+00:00,311.8,164,rank_dropout
ml_net,TARIL,2026-06-12T00:00:00+00:00,315.1,2026-06-25T00:00:00+00:00,334.45,35,rank_dropout
ml_net,POWERINDIA,2026-06-19T00:00:00+00:00,36880,2026-06-25T00:00:00+00:00,33965,1,rank_dropout
ml_net,SPLPETRO,2026-06-05T00:00:00+00:00,697.95,2026-07-03T00:00:00+00:00,725,71,rank_dropout
ml_net,IFCI,2026-06-19T00:00:00+00:00,85.73,2026-07-03T00:00:00+00:00,75.91,583,rank_dropout
ml_net,J&KBANK,2026-06-19T00:00:00+00:00,163.56,2026-07-03T00:00:00+00:00,165.2,305,rank_dropout
ml_net,APARINDS,2026-06-19T00:00:00+00:00,16280,2026-07-03T00:00:00+00:00,14174,3,rank_dropout
ml_net,GALLANTT,2026-06-12T00:00:00+00:00,654.35,2026-07-10T00:00:00+00:00,667.6,76,rank_dropout
ml_net,OLAELEC,2026-07-03T00:00:00+00:00,44.48,2026-07-10T00:00:00+00:00,40.41,1124,rank_dropout
ml_net,PARADEEP,2026-07-03T00:00:00+00:00,146.59,2026-07-10T00:00:00+00:00,141.81,270,rank_dropout
ml_net,CARTRADE,2026-06-25T00:00:00+00:00,2694.4,2026-07-17T00:00:00+00:00,2699.4,18,rank_dropout
ml_net,COHANCE,2026-06-25T00:00:00+00:00,458.05,2026-07-24T00:00:00+00:00,417.1,109,rank_dropout
ml_net,HONASA,2026-07-03T00:00:00+00:00,461.75,2026-07-24T00:00:00+00:00,448.6,108,rank_dropout
ml_net,NEWGEN,2026-02-20T00:00:00+00:00,556.9,2026-07-27T00:00:00+00:00,506,89,rank_dropout
ml_net,WELCORP,2026-07-10T00:00:00+00:00,1612.6,2026-07-27T00:00:00+00:00,1599.8,31,rank_dropout
ml_net,BLUEJET,2026-02-27T00:00:00+00:00,405.3,2026-07-27T00:00:00+00:00,575.75,123,final_close
ml_net,ACUTAAS,2026-04-02T00:00:00+00:00,2110.2,2026-07-27T00:00:00+00:00,3379.4,23,final_close
ml_net,KIRLOSENG,2026-04-17T00:00:00+00:00,1618.4,2026-07-27T00:00:00+00:00,2286.2,30,final_close
ml_net,JPPOWER,2026-04-30T00:00:00+00:00,19.72,2026-07-27T00:00:00+00:00,17.02,2535,final_close
ml_net,HFCL,2026-04-30T00:00:00+00:00,116.03,2026-07-27T00:00:00+00:00,192.9,430,final_close
ml_net,SCHNEIDER,2026-04-30T00:00:00+00:00,1243.7,2026-07-27T00:00:00+00:00,1347,40,final_close
ml_net,SYRMA,2026-05-08T00:00:00+00:00,1100.15,2026-07-27T00:00:00+00:00,1317.9,45,final_close
ml_net,RRKABEL,2026-05-08T00:00:00+00:00,1942.4,2026-07-27T00:00:00+00:00,2549.9,25,final_close
ml_net,CEMPRO,2026-05-29T00:00:00+00:00,1071.15,2026-07-27T00:00:00+00:00,1369,46,final_close
ml_net,WOCKPHARMA,2026-05-29T00:00:00+00:00,2031.4,2026-07-27T00:00:00+00:00,1865.2,23,final_close
ml_net,RPOWER,2026-06-19T00:00:00+00:00,26.1,2026-07-27T00:00:00+00:00,23.65,1915,final_close
ml_net,ATHERENERG,2026-06-25T00:00:00+00:00,998.75,2026-07-27T00:00:00+00:00,1219.4,18,final_close
ml_net,AEGISLOG,2026-07-03T00:00:00+00:00,1325.4,2026-07-27T00:00:00+00:00,1301,37,final_close
ml_net,J&KBANK,2026-07-10T00:00:00+00:00,192.65,2026-07-27T00:00:00+00:00,177.88,259,final_close
ml_net,IFCI,2026-07-10T00:00:00+00:00,77.46,2026-07-27T00:00:00+00:00,70.49,439,final_close
ml_net,GALLANTT,2026-07-17T00:00:00+00:00,651.7,2026-07-27T00:00:00+00:00,547.25,74,final_close
ml_net,HSCL,2026-07-24T00:00:00+00:00,789.55,2026-07-27T00:00:00+00:00,790.7,63,final_close
ml_net,LLOYDSME,2026-07-24T00:00:00+00:00,1940.5,2026-07-27T00:00:00+00:00,2014.9,22,final_close
ml_net,COHANCE,2026-07-27T00:00:00+00:00,433.5,2026-07-27T00:00:00+00:00,433.5,115,final_close
ml_net,OLAELEC,2026-07-27T00:00:00+00:00,37.26,2026-07-27T00:00:00+00:00,37.26,1224,final_close
baseline_net,FORTIS,2025-07-04T00:00:00+00:00,807.05,2025-07-11T00:00:00+00:00,764.55,61,rank_dropout
baseline_net,DIVISLAB,2025-07-04T00:00:00+00:00,6906.5,2025-07-11T00:00:00+00:00,6835,7,rank_dropout
baseline_net,APOLLOHOSP,2025-07-04T00:00:00+00:00,7553.5,2025-07-11T00:00:00+00:00,7189.5,6,rank_dropout
baseline_net,GLENMARK,2025-07-04T00:00:00+00:00,1830.4,2025-07-11T00:00:00+00:00,2181.1,27,rank_dropout
baseline_net,INDIANB,2025-07-04T00:00:00+00:00,650.5,2025-07-11T00:00:00+00:00,631.5,76,rank_dropout
baseline_net,MAXHEALTH,2025-07-04T00:00:00+00:00,1298.2,2025-07-11T00:00:00+00:00,1219.2,38,rank_dropout
baseline_net,BHARTIARTL,2025-07-04T00:00:00+00:00,2017.2,2025-07-11T00:00:00+00:00,1921.9,24,rank_dropout
baseline_net,SRF,2025-07-04T00:00:00+00:00,3230.5,2025-07-11T00:00:00+00:00,3182.5,15,rank_dropout
baseline_net,BEL,2025-07-04T00:00:00+00:00,427.55,2025-07-11T00:00:00+00:00,409.3,116,rank_dropout
baseline_net,ICICIBANK,2025-07-04T00:00:00+00:00,1442.8,2025-07-11T00:00:00+00:00,1421.9,34,rank_dropout
baseline_net,LTF,2025-07-04T00:00:00+00:00,205.63,2025-07-11T00:00:00+00:00,204.59,243,rank_dropout
baseline_net,FEDERALBNK,2025-07-04T00:00:00+00:00,215.32,2025-07-11T00:00:00+00:00,207.38,232,rank_dropout
baseline_net,ASAHIINDIA,2025-07-04T00:00:00+00:00,847.85,2025-07-18T00:00:00+00:00,842,58,rank_dropout
baseline_net,RAMCOCEM,2025-07-04T00:00:00+00:00,1092.4,2025-07-18T00:00:00+00:00,1154.6,45,rank_dropout
baseline_net,NAVINFLUOR,2025-07-04T00:00:00+00:00,4933.2,2025-07-18T00:00:00+00:00,4869.3,10,rank_dropout
baseline_net,HDFCBANK,2025-07-04T00:00:00+00:00,994.65,2025-07-18T00:00:00+00:00,978.7,50,rank_dropout
baseline_net,SHREECEM,2025-07-04T00:00:00+00:00,31315,2025-07-18T00:00:00+00:00,30790,1,rank_dropout
baseline_net,SYRMA,2025-07-11T00:00:00+00:00,678.45,2025-07-18T00:00:00+00:00,705.15,73,rank_dropout
baseline_net,RBLBANK,2025-07-11T00:00:00+00:00,264.16,2025-07-18T00:00:00+00:00,263.14,189,rank_dropout
baseline_net,SBFC,2025-07-11T00:00:00+00:00,119.02,2025-07-18T00:00:00+00:00,115.59,420,rank_dropout
baseline_net,INDIGO,2025-07-11T00:00:00+00:00,5917.5,2025-07-18T00:00:00+00:00,5861,8,rank_dropout
baseline_net,JKCEMENT,2025-07-11T00:00:00+00:00,6447.5,2025-07-18T00:00:00+00:00,6498,7,rank_dropout
baseline_net,AUBANK,2025-07-11T00:00:00+00:00,821,2025-07-18T00:00:00+00:00,794.9,60,rank_dropout
baseline_net,ULTRACEMCO,2025-07-04T00:00:00+00:00,12506,2025-07-25T00:00:00+00:00,12250,3,rank_dropout
baseline_net,KIMS,2025-07-11T00:00:00+00:00,709.85,2025-07-25T00:00:00+00:00,761.95,70,rank_dropout
baseline_net,GILLETTE,2025-07-11T00:00:00+00:00,10749,2025-07-25T00:00:00+00:00,10676,4,rank_dropout
baseline_net,UTIAMC,2025-07-11T00:00:00+00:00,1394.7,2025-07-25T00:00:00+00:00,1355.9,35,rank_dropout
baseline_net,DALBHARAT,2025-07-18T00:00:00+00:00,2251.8,2025-07-25T00:00:00+00:00,2230.4,22,rank_dropout
baseline_net,AIIL,2025-07-18T00:00:00+00:00,560.96,2025-07-25T00:00:00+00:00,548.16,89,rank_dropout
baseline_net,SCHNEIDER,2025-07-18T00:00:00+00:00,906.8,2025-07-25T00:00:00+00:00,913.2,55,rank_dropout
baseline_net,GMDCLTD,2025-07-18T00:00:00+00:00,435.3,2025-07-25T00:00:00+00:00,434.4,114,rank_dropout
baseline_net,BOSCHLTD,2025-07-18T00:00:00+00:00,38250,2025-07-25T00:00:00+00:00,37830,1,rank_dropout
baseline_net,AADHARHFC,2025-07-18T00:00:00+00:00,504.7,2025-07-25T00:00:00+00:00,496.4,99,rank_dropout
baseline_net,LAURUSLABS,2025-07-04T00:00:00+00:00,776,2025-08-01T00:00:00+00:00,849.35,64,rank_dropout
baseline_net,MUTHOOTFIN,2025-07-04T00:00:00+00:00,2662.8,2025-08-01T00:00:00+00:00,2592.7,18,rank_dropout
baseline_net,BIOCON,2025-07-18T00:00:00+00:00,398.75,2025-08-01T00:00:00+00:00,383.1,125,rank_dropout
baseline_net,UPL,2025-07-18T00:00:00+00:00,686.85,2025-08-01T00:00:00+00:00,665.15,72,rank_dropout
baseline_net,M&M,2025-07-18T00:00:00+00:00,3192.4,2025-08-01T00:00:00+00:00,3159.3,15,rank_dropout
baseline_net,SYRMA,2025-07-25T00:00:00+00:00,728.15,2025-08-01T00:00:00+00:00,748.2,68,rank_dropout
baseline_net,MRF,2025-07-25T00:00:00+00:00,149210,2025-08-01T00:00:00+00:00,145905,1,rank_dropout
baseline_net,MAXHEALTH,2025-07-25T00:00:00+00:00,1280.5,2025-08-01T00:00:00+00:00,1246,39,rank_dropout
baseline_net,HOMEFIRST,2025-07-25T00:00:00+00:00,1479,2025-08-01T00:00:00+00:00,1197.3,1,rank_dropout
baseline_net,EIDPARRY,2025-07-11T00:00:00+00:00,1152.4,2025-08-08T00:00:00+00:00,1117.6,43,rank_dropout
baseline_net,TORNTPHARM,2025-07-18T00:00:00+00:00,3521.4,2025-08-08T00:00:00+00:00,3573.2,14,rank_dropout
baseline_net,SHYAMMETL,2025-07-25T00:00:00+00:00,969,2025-08-08T00:00:00+00:00,952.35,51,rank_dropout
baseline_net,ETERNAL,2025-07-25T00:00:00+00:00,310.55,2025-08-08T00:00:00+00:00,300.9,161,rank_dropout
baseline_net,APOLLOHOSP,2025-07-25T00:00:00+00:00,7468.5,2025-08-08T00:00:00+00:00,7084.5,6,rank_dropout
baseline_net,BOSCHLTD,2025-08-01T00:00:00+00:00,40390,2025-08-08T00:00:00+00:00,38325,1,rank_dropout
baseline_net,CCL,2025-08-01T00:00:00+00:00,894.1,2025-08-08T00:00:00+00:00,864.35,55,rank_dropout
baseline_net,AMBER,2025-08-01T00:00:00+00:00,7871,2025-08-08T00:00:00+00:00,7354.5,6,rank_dropout
baseline_net,POWERINDIA,2025-08-01T00:00:00+00:00,20550,2025-08-08T00:00:00+00:00,20295,2,rank_dropout
baseline_net,MEDANTA,2025-07-11T00:00:00+00:00,1303.3,2025-08-14T00:00:00+00:00,1374.1,38,rank_dropout
baseline_net,HDFCAMC,2025-07-18T00:00:00+00:00,2795,2025-08-14T00:00:00+00:00,2745.5,17,rank_dropout
baseline_net,ICICIBANK,2025-07-25T00:00:00+00:00,1477.1,2025-08-14T00:00:00+00:00,1427.3,33,rank_dropout
baseline_net,GVT&D,2025-08-01T00:00:00+00:00,2863.1,2025-08-14T00:00:00+00:00,2844.2,17,rank_dropout
baseline_net,ECLERX,2025-08-01T00:00:00+00:00,1899.6,2025-08-14T00:00:00+00:00,1998.6,26,rank_dropout
baseline_net,AIIL,2025-08-08T00:00:00+00:00,568.72,2025-08-14T00:00:00+00:00,579.54,87,rank_dropout
baseline_net,CUMMINSIND,2025-08-08T00:00:00+00:00,3806.9,2025-08-14T00:00:00+00:00,3784.5,13,rank_dropout
baseline_net,RBLBANK,2025-08-08T00:00:00+00:00,261.7,2025-08-14T00:00:00+00:00,251.85,191,rank_dropout
baseline_net,FORTIS,2025-07-18T00:00:00+00:00,798.5,2025-08-22T00:00:00+00:00,934.4,62,rank_dropout
baseline_net,HDFCBANK,2025-07-25T00:00:00+00:00,1002.3,2025-08-22T00:00:00+00:00,982.3,49,rank_dropout
baseline_net,JKCEMENT,2025-08-01T00:00:00+00:00,6681.5,2025-08-22T00:00:00+00:00,6841,7,rank_dropout
baseline_net,INDIGO,2025-08-01T00:00:00+00:00,5788.5,2025-08-22T00:00:00+00:00,6086.5,8,rank_dropout
baseline_net,JSWSTEEL,2025-08-08T00:00:00+00:00,1049.2,2025-08-22T00:00:00+00:00,1054.6,47,rank_dropout
baseline_net,MUTHOOTFIN,2025-08-08T00:00:00+00:00,2617.8,2025-08-22T00:00:00+00:00,2680.6,19,rank_dropout
baseline_net,DALBHARAT,2025-08-08T00:00:00+00:00,2243.4,2025-08-22T00:00:00+00:00,2326.4,16,rank_dropout
baseline_net,ETERNAL,2025-08-14T00:00:00+00:00,318.4,2025-08-22T00:00:00+00:00,319.1,157,rank_dropout
baseline_net,CRAFTSMAN,2025-08-14T00:00:00+00:00,7093,2025-08-22T00:00:00+00:00,6823,7,rank_dropout
baseline_net,JMFINANCIL,2025-08-14T00:00:00+00:00,185.89,2025-08-22T00:00:00+00:00,193.02,268,rank_dropout
baseline_net,ULTRACEMCO,2025-08-14T00:00:00+00:00,12317,2025-08-22T00:00:00+00:00,12589,3,rank_dropout
baseline_net,INDIANB,2025-08-08T00:00:00+00:00,650.85,2025-08-29T00:00:00+00:00,653.1,76,rank_dropout
baseline_net,APOLLOHOSP,2025-08-14T00:00:00+00:00,7821.5,2025-08-29T00:00:00+00:00,7610,6,rank_dropout
baseline_net,M&M,2025-08-14T00:00:00+00:00,3265.4,2025-08-29T00:00:00+00:00,3199.5,15,rank_dropout
baseline_net,PAYTM,2025-08-14T00:00:00+00:00,1151.3,2025-08-29T00:00:00+00:00,1207,43,rank_dropout
baseline_net,HDFCAMC,2025-08-22T00:00:00+00:00,2914,2025-08-29T00:00:00+00:00,2731.5,17,rank_dropout
baseline_net,ASAHIINDIA,2025-08-22T00:00:00+00:00,882.85,2025-08-29T00:00:00+00:00,836.3,56,rank_dropout
baseline_net,ABCAPITAL,2025-08-22T00:00:00+00:00,286.35,2025-08-29T00:00:00+00:00,277.85,174,rank_dropout
baseline_net,RADICO,2025-08-01T00:00:00+00:00,2838.8,2025-09-05T00:00:00+00:00,2787.2,17,rank_dropout
baseline_net,DELHIVERY,2025-08-08T00:00:00+00:00,464.65,2025-09-05T00:00:00+00:00,468.75,107,rank_dropout
baseline_net,MARUTI,2025-08-22T00:00:00+00:00,14349,2025-09-05T00:00:00+00:00,14895,3,rank_dropout
baseline_net,CREDITACC,2025-08-22T00:00:00+00:00,1398.6,2025-09-05T00:00:00+00:00,1340,35,rank_dropout
baseline_net,AIIL,2025-08-22T00:00:00+00:00,596.62,2025-09-05T00:00:00+00:00,617.84,83,rank_dropout
baseline_net,ULTRACEMCO,2025-08-29T00:00:00+00:00,12640,2025-09-05T00:00:00+00:00,12601,3,rank_dropout
baseline_net,NAVA,2025-08-29T00:00:00+00:00,687.6,2025-09-05T00:00:00+00:00,678.65,72,rank_dropout
baseline_net,SARDAEN,2025-08-29T00:00:00+00:00,598.35,2025-09-05T00:00:00+00:00,569.4,83,rank_dropout
baseline_net,UPL,2025-08-29T00:00:00+00:00,715.75,2025-09-05T00:00:00+00:00,688.85,69,rank_dropout
baseline_net,SYRMA,2025-08-29T00:00:00+00:00,753.25,2025-09-05T00:00:00+00:00,831.25,66,rank_dropout
baseline_net,TVSMOTOR,2025-08-01T00:00:00+00:00,2858.2,2025-09-12T00:00:00+00:00,3492.4,17,rank_dropout
baseline_net,UNOMINDA,2025-08-22T00:00:00+00:00,1265.8,2025-09-12T00:00:00+00:00,1281,39,rank_dropout
baseline_net,NYKAA,2025-08-22T00:00:00+00:00,224.94,2025-09-12T00:00:00+00:00,239.17,222,rank_dropout
baseline_net,BOSCHLTD,2025-08-29T00:00:00+00:00,39960,2025-09-12T00:00:00+00:00,39885,1,rank_dropout
baseline_net,M&M,2025-09-05T00:00:00+00:00,3561.3,2025-09-12T00:00:00+00:00,3589.9,14,rank_dropout
baseline_net,RBLBANK,2025-09-05T00:00:00+00:00,276,2025-09-12T00:00:00+00:00,272.6,181,rank_dropout
baseline_net,LEMONTREE,2025-09-05T00:00:00+00:00,175.17,2025-09-12T00:00:00+00:00,175.37,285,rank_dropout
baseline_net,ETERNAL,2025-09-05T00:00:00+00:00,329.15,2025-09-12T00:00:00+00:00,321.4,151,rank_dropout
baseline_net,ENDURANCE,2025-09-05T00:00:00+00:00,2967.8,2025-09-12T00:00:00+00:00,2867,16,rank_dropout
baseline_net,HBLENGINE,2025-08-14T00:00:00+00:00,765.65,2025-09-19T00:00:00+00:00,838.35,65,rank_dropout
baseline_net,CUMMINSIND,2025-08-22T00:00:00+00:00,3916,2025-09-19T00:00:00+00:00,4080.4,12,rank_dropout
baseline_net,LTF,2025-08-22T00:00:00+00:00,222.7,2025-09-19T00:00:00+00:00,246.7,224,rank_dropout
baseline_net,DALBHARAT,2025-08-29T00:00:00+00:00,2401.5,2025-09-19T00:00:00+00:00,2409.9,20,rank_dropout
baseline_net,GMDCLTD,2025-09-05T00:00:00+00:00,509,2025-09-19T00:00:00+00:00,572.05,98,rank_dropout
baseline_net,MUTHOOTFIN,2025-09-05T00:00:00+00:00,2837.9,2025-09-19T00:00:00+00:00,2934.9,17,rank_dropout
baseline_net,APOLLOHOSP,2025-09-05T00:00:00+00:00,7804.5,2025-09-19T00:00:00+00:00,7806.5,5,rank_dropout
baseline_net,BAJFINANCE,2025-09-12T00:00:00+00:00,1003.25,2025-09-19T00:00:00+00:00,992.45,49,rank_dropout
baseline_net,FORTIS,2025-09-12T00:00:00+00:00,970,2025-09-19T00:00:00+00:00,953.95,51,rank_dropout
baseline_net,MSUMI,2025-09-12T00:00:00+00:00,50.09,2025-09-19T00:00:00+00:00,48.46,998,rank_dropout
baseline_net,ABCAPITAL,2025-09-12T00:00:00+00:00,291.5,2025-09-19T00:00:00+00:00,289.15,171,rank_dropout
baseline_net,MANAPPURAM,2025-09-12T00:00:00+00:00,291.2,2025-09-19T00:00:00+00:00,286.5,171,rank_dropout
baseline_net,HINDALCO,2025-09-12T00:00:00+00:00,758.05,2025-09-19T00:00:00+00:00,743.3,65,rank_dropout
baseline_net,ANANDRATHI,2025-08-22T00:00:00+00:00,1403.1,2025-09-26T00:00:00+00:00,1433.35,35,rank_dropout
baseline_net,HDFCAMC,2025-09-12T00:00:00+00:00,2899.25,2025-09-26T00:00:00+00:00,2810.5,17,rank_dropout
baseline_net,RADICO,2025-09-19T00:00:00+00:00,3052.5,2025-09-26T00:00:00+00:00,2882.8,16,rank_dropout
baseline_net,GRASIM,2025-09-19T00:00:00+00:00,2877.9,2025-09-26T00:00:00+00:00,2746.8,17,rank_dropout
baseline_net,POLYCAB,2025-09-19T00:00:00+00:00,7549,2025-09-26T00:00:00+00:00,7322.5,6,rank_dropout
baseline_net,UNOMINDA,2025-09-19T00:00:00+00:00,1319.7,2025-09-26T00:00:00+00:00,1268.9,37,rank_dropout
baseline_net,ETERNAL,2025-09-19T00:00:00+00:00,336.55,2025-09-26T00:00:00+00:00,321,148,rank_dropout
baseline_net,LAURUSLABS,2025-09-19T00:00:00+00:00,932.1,2025-09-26T00:00:00+00:00,832.3,53,rank_dropout
baseline_net,AADHARHFC,2025-09-19T00:00:00+00:00,539.15,2025-09-26T00:00:00+00:00,511.85,92,rank_dropout
baseline_net,CANBK,2025-09-19T00:00:00+00:00,117.76,2025-09-26T00:00:00+00:00,118.08,424,rank_dropout
baseline_net,GVT&D,2025-09-19T00:00:00+00:00,3068.7,2025-09-26T00:00:00+00:00,2906.7,16,rank_dropout
baseline_net,EICHERMOT,2025-08-08T00:00:00+00:00,5663,2025-10-03T00:00:00+00:00,6941,8,rank_dropout
baseline_net,MARUTI,2025-09-12T00:00:00+00:00,15325,2025-10-03T00:00:00+00:00,15806,3,rank_dropout
baseline_net,ASHOKLEY,2025-09-19T00:00:00+00:00,140.89,2025-10-03T00:00:00+00:00,139.79,354,rank_dropout
baseline_net,AMBER,2025-09-19T00:00:00+00:00,8286.5,2025-10-03T00:00:00+00:00,8214.5,6,rank_dropout
baseline_net,USHAMART,2025-09-26T00:00:00+00:00,448.9,2025-10-03T00:00:00+00:00,462.4,111,rank_dropout
baseline_net,RBLBANK,2025-09-26T00:00:00+00:00,272.35,2025-10-03T00:00:00+00:00,275.9,183,rank_dropout
baseline_net,ASAHIINDIA,2025-09-26T00:00:00+00:00,906.7,2025-10-03T00:00:00+00:00,895.6,55,rank_dropout
baseline_net,JSL,2025-09-26T00:00:00+00:00,789.15,2025-10-03T00:00:00+00:00,788.25,63,rank_dropout
baseline_net,TATAINVEST,2025-09-26T00:00:00+00:00,866.6,2025-10-03T00:00:00+00:00,1000.2,57,rank_dropout
baseline_net,BAJFINANCE,2025-09-26T00:00:00+00:00,985.1,2025-10-03T00:00:00+00:00,989.75,30,rank_dropout
baseline_net,NETWEB,2025-09-19T00:00:00+00:00,3279.4,2025-10-10T00:00:00+00:00,4027.5,15,rank_dropout
baseline_net,MUTHOOTFIN,2025-09-26T00:00:00+00:00,3020.3,2025-10-10T00:00:00+00:00,3156.9,16,rank_dropout
baseline_net,NAM-INDIA,2025-09-26T00:00:00+00:00,855.9,2025-10-10T00:00:00+00:00,871.85,58,rank_dropout
baseline_net,CREDITACC,2025-09-26T00:00:00+00:00,1377.5,2025-10-10T00:00:00+00:00,1380.1,36,rank_dropout
baseline_net,JINDALSTEL,2025-09-26T00:00:00+00:00,1029.5,2025-10-10T00:00:00+00:00,1015.2,48,rank_dropout
baseline_net,ABCAPITAL,2025-10-03T00:00:00+00:00,303.95,2025-10-10T00:00:00+00:00,293.35,164,rank_dropout
baseline_net,LTF,2025-10-03T00:00:00+00:00,262.33,2025-10-10T00:00:00+00:00,256.04,190,rank_dropout
baseline_net,GVT&D,2025-10-03T00:00:00+00:00,3170.1,2025-10-10T00:00:00+00:00,3012.4,15,rank_dropout
baseline_net,POONAWALLA,2025-10-03T00:00:00+00:00,524.4,2025-10-10T00:00:00+00:00,529.15,95,rank_dropout
baseline_net,HINDPETRO,2025-10-03T00:00:00+00:00,446.3,2025-10-10T00:00:00+00:00,452.5,112,rank_dropout
baseline_net,SCHAEFFLER,2025-10-03T00:00:00+00:00,4286.2,2025-10-10T00:00:00+00:00,4115.6,11,rank_dropout
baseline_net,TATASTEEL,2025-09-05T00:00:00+00:00,167.68,2025-10-17T00:00:00+00:00,172.22,298,rank_dropout
baseline_net,INDIANB,2025-09-12T00:00:00+00:00,697.75,2025-10-17T00:00:00+00:00,782.35,71,rank_dropout
baseline_net,HINDALCO,2025-09-26T00:00:00+00:00,743.85,2025-10-17T00:00:00+00:00,772.8,67,rank_dropout
baseline_net,CANBK,2025-10-03T00:00:00+00:00,125.9,2025-10-17T00:00:00+00:00,125.49,397,rank_dropout
baseline_net,BANKBARODA,2025-10-03T00:00:00+00:00,263.95,2025-10-17T00:00:00+00:00,264.5,189,rank_dropout
baseline_net,PNB,2025-10-03T00:00:00+00:00,114.37,2025-10-17T00:00:00+00:00,113.7,437,rank_dropout
baseline_net,AIIL,2025-10-10T00:00:00+00:00,659.9,2025-10-17T00:00:00+00:00,632.44,75,rank_dropout
baseline_net,RBLBANK,2025-10-10T00:00:00+00:00,291.6,2025-10-17T00:00:00+00:00,299.5,171,rank_dropout
baseline_net,ETERNAL,2025-10-10T00:00:00+00:00,348.3,2025-10-17T00:00:00+00:00,342.65,143,rank_dropout
baseline_net,POLYCAB,2025-10-10T00:00:00+00:00,7730,2025-10-17T00:00:00+00:00,7439.5,6,rank_dropout
baseline_net,NYKAA,2025-10-10T00:00:00+00:00,265.19,2025-10-17T00:00:00+00:00,261.14,188,rank_dropout
baseline_net,FORTIS,2025-10-10T00:00:00+00:00,1060.3,2025-10-17T00:00:00+00:00,1084.9,47,rank_dropout
baseline_net,YESBANK,2025-10-10T00:00:00+00:00,24,2025-10-17T00:00:00+00:00,22.25,2083,rank_dropout
baseline_net,KARURVYSYA,2025-10-10T00:00:00+00:00,226.59,2025-10-17T00:00:00+00:00,227.39,220,rank_dropout
baseline_net,AMBER,2025-10-10T00:00:00+00:00,8284.5,2025-10-17T00:00:00+00:00,8249.5,5,rank_dropout
baseline_net,JSWSTEEL,2025-09-05T00:00:00+00:00,1073.1,2025-10-24T00:00:00+00:00,1141.4,46,rank_dropout
baseline_net,MARUTI,2025-10-10T00:00:00+00:00,16265,2025-10-24T00:00:00+00:00,16274,3,rank_dropout
baseline_net,EICHERMOT,2025-10-10T00:00:00+00:00,6965,2025-10-24T00:00:00+00:00,6840,7,rank_dropout
baseline_net,TVSMOTOR,2025-10-17T00:00:00+00:00,3654,2025-10-24T00:00:00+00:00,3599.8,13,rank_dropout
baseline_net,RADICO,2025-10-17T00:00:00+00:00,3108.5,2025-10-24T00:00:00+00:00,3220,16,rank_dropout
baseline_net,ADANIPORTS,2025-10-17T00:00:00+00:00,1479.4,2025-10-24T00:00:00+00:00,1429,33,rank_dropout
baseline_net,HEROMOTOCO,2025-10-17T00:00:00+00:00,5592.5,2025-10-24T00:00:00+00:00,5540.5,8,rank_dropout
baseline_net,TATACONSUM,2025-10-17T00:00:00+00:00,1166,2025-10-24T00:00:00+00:00,1155.3,42,rank_dropout
baseline_net,MUTHOOTFIN,2025-10-17T00:00:00+00:00,3334.5,2025-10-24T00:00:00+00:00,3163.1,14,rank_dropout
baseline_net,PAYTM,2025-10-17T00:00:00+00:00,1285.3,2025-10-24T00:00:00+00:00,1287,38,rank_dropout
baseline_net,HDFCBANK,2025-10-17T00:00:00+00:00,1002.55,2025-10-24T00:00:00+00:00,994.75,49,rank_dropout
baseline_net,APOLLOHOSP,2025-10-17T00:00:00+00:00,7901.5,2025-10-24T00:00:00+00:00,7837.5,6,rank_dropout
baseline_net,NESTLEIND,2025-10-17T00:00:00+00:00,1289.5,2025-10-24T00:00:00+00:00,1282,38,rank_dropout
baseline_net,M&MFIN,2025-10-17T00:00:00+00:00,300.1,2025-10-24T00:00:00+00:00,298.15,166,rank_dropout
baseline_net,TITAN,2025-10-17T00:00:00+00:00,3674.8,2025-10-24T00:00:00+00:00,3714.9,13,rank_dropout
baseline_net,ASTERDM,2025-10-17T00:00:00+00:00,702.45,2025-10-24T00:00:00+00:00,705.8,71,rank_dropout
baseline_net,BAJFINANCE,2025-10-10T00:00:00+00:00,1023.85,2025-10-31T00:00:00+00:00,1042.8,48,rank_dropout
baseline_net,ASAHIINDIA,2025-10-17T00:00:00+00:00,941.3,2025-10-31T00:00:00+00:00,922.9,53,rank_dropout
baseline_net,BHARTIARTL,2025-10-17T00:00:00+00:00,2012,2025-10-31T00:00:00+00:00,2054.5,24,rank_dropout
baseline_net,HINDALCO,2025-10-24T00:00:00+00:00,824.45,2025-10-31T00:00:00+00:00,847.85,60,rank_dropout
baseline_net,CREDITACC,2025-10-24T00:00:00+00:00,1422.5,2025-10-31T00:00:00+00:00,1423.6,35,rank_dropout
baseline_net,MOTILALOFS,2025-10-24T00:00:00+00:00,1036.2,2025-10-31T00:00:00+00:00,978,48,rank_dropout
baseline_net,CHOLAFIN,2025-10-24T00:00:00+00:00,1733.6,2025-10-31T00:00:00+00:00,1696.8,28,rank_dropout
baseline_net,SHRIRAMFIN,2025-10-24T00:00:00+00:00,715.45,2025-10-31T00:00:00+00:00,748.9,69,rank_dropout
baseline_net,BAJAJFINSV,2025-10-24T00:00:00+00:00,2159.5,2025-10-31T00:00:00+00:00,2088.3,23,rank_dropout
baseline_net,ABCAPITAL,2025-10-24T00:00:00+00:00,306.15,2025-10-31T00:00:00+00:00,324.2,163,rank_dropout
baseline_net,LAURUSLABS,2025-10-24T00:00:00+00:00,926.4,2025-10-31T00:00:00+00:00,953.65,53,rank_dropout
baseline_net,TATASTEEL,2025-10-24T00:00:00+00:00,174.44,2025-10-31T00:00:00+00:00,182.84,286,rank_dropout
baseline_net,BANKINDIA,2025-10-24T00:00:00+00:00,133.9,2025-10-31T00:00:00+00:00,139.88,373,rank_dropout
baseline_net,KARURVYSYA,2025-10-24T00:00:00+00:00,243.05,2025-10-31T00:00:00+00:00,243.15,205,rank_dropout
baseline_net,JSL,2025-10-24T00:00:00+00:00,802.05,2025-10-31T00:00:00+00:00,753.7,62,rank_dropout
baseline_net,AMBER,2025-10-24T00:00:00+00:00,8321.5,2025-10-31T00:00:00+00:00,8036.5,5,rank_dropout
baseline_net,SBIN,2025-09-19T00:00:00+00:00,862.35,2025-11-07T00:00:00+00:00,955.85,57,rank_dropout
baseline_net,CUMMINSIND,2025-10-24T00:00:00+00:00,4183.2,2025-11-07T00:00:00+00:00,4291.8,11,rank_dropout
baseline_net,SAMMAANCAP,2025-10-24T00:00:00+00:00,188.25,2025-11-07T00:00:00+00:00,185.41,265,rank_dropout
baseline_net,LT,2025-10-24T00:00:00+00:00,3904.9,2025-11-07T00:00:00+00:00,3882.5,12,rank_dropout
baseline_net,CHOICEIN,2025-10-31T00:00:00+00:00,836.6,2025-11-07T00:00:00+00:00,802.3,59,rank_dropout
baseline_net,PNB,2025-10-31T00:00:00+00:00,122.89,2025-11-07T00:00:00+00:00,122.38,406,rank_dropout
baseline_net,BPCL,2025-10-31T00:00:00+00:00,356.8,2025-11-07T00:00:00+00:00,367.15,140,rank_dropout
baseline_net,TITAN,2025-10-31T00:00:00+00:00,3746.7,2025-11-07T00:00:00+00:00,3769.3,13,rank_dropout
baseline_net,JSWSTEEL,2025-10-31T00:00:00+00:00,1206,2025-11-07T00:00:00+00:00,1171.7,41,rank_dropout
baseline_net,EICHERMOT,2025-10-31T00:00:00+00:00,7007,2025-11-07T00:00:00+00:00,6886,6,rank_dropout
baseline_net,IOC,2025-10-31T00:00:00+00:00,165.9,2025-11-14T00:00:00+00:00,171.25,301,rank_dropout
baseline_net,BANKBARODA,2025-10-31T00:00:00+00:00,278.4,2025-11-14T00:00:00+00:00,286.75,179,rank_dropout
baseline_net,AUBANK,2025-10-31T00:00:00+00:00,877.85,2025-11-14T00:00:00+00:00,890.6,56,rank_dropout
baseline_net,IDFCFIRSTB,2025-10-31T00:00:00+00:00,81.77,2025-11-14T00:00:00+00:00,80.43,611,rank_dropout
baseline_net,LTF,2025-10-31T00:00:00+00:00,270.49,2025-11-14T00:00:00+00:00,294.15,184,rank_dropout
baseline_net,PAYTM,2025-10-31T00:00:00+00:00,1303.2,2025-11-14T00:00:00+00:00,1299.2,38,rank_dropout
baseline_net,RBLBANK,2025-10-31T00:00:00+00:00,326.35,2025-11-14T00:00:00+00:00,318.65,153,rank_dropout
baseline_net,SHRIRAMFIN,2025-11-07T00:00:00+00:00,816.35,2025-11-14T00:00:00+00:00,809.3,61,rank_dropout
baseline_net,CHENNPETRO,2025-11-07T00:00:00+00:00,1016.3,2025-11-14T00:00:00+00:00,1029,49,rank_dropout
baseline_net,M&M,2025-11-07T00:00:00+00:00,3690.2,2025-11-14T00:00:00+00:00,3698.6,13,rank_dropout
baseline_net,CCL,2025-11-07T00:00:00+00:00,1025.15,2025-11-14T00:00:00+00:00,1053.1,48,rank_dropout
baseline_net,CANFINHOME,2025-11-07T00:00:00+00:00,880.75,2025-11-14T00:00:00+00:00,884.65,56,rank_dropout
baseline_net,GMRAIRPORT,2025-11-07T00:00:00+00:00,95.66,2025-11-14T00:00:00+00:00,95.67,522,rank_dropout
baseline_net,NEULANDLAB,2025-11-07T00:00:00+00:00,17837,2025-11-14T00:00:00+00:00,17461,2,rank_dropout
baseline_net,CANBK,2025-10-31T00:00:00+00:00,136.99,2025-11-21T00:00:00+00:00,145.77,364,rank_dropout
baseline_net,BANKINDIA,2025-11-07T00:00:00+00:00,144.58,2025-11-21T00:00:00+00:00,145.46,345,rank_dropout
baseline_net,UPL,2025-11-07T00:00:00+00:00,747.95,2025-11-21T00:00:00+00:00,750.85,66,rank_dropout
baseline_net,LAURUSLABS,2025-11-07T00:00:00+00:00,982.15,2025-11-21T00:00:00+00:00,978.2,50,rank_dropout
baseline_net,CUB,2025-11-14T00:00:00+00:00,203.45,2025-11-21T00:00:00+00:00,197.54,245,rank_dropout
baseline_net,ADANIPORTS,2025-11-14T00:00:00+00:00,1512.7,2025-11-21T00:00:00+00:00,1479.8,33,rank_dropout
baseline_net,MUTHOOTFIN,2025-11-14T00:00:00+00:00,3725.6,2025-11-21T00:00:00+00:00,3636,13,rank_dropout
baseline_net,MCX,2025-11-14T00:00:00+00:00,1933.3,2025-11-21T00:00:00+00:00,1936.6,25,rank_dropout
baseline_net,IDEA,2025-11-14T00:00:00+00:00,10.94,2025-11-21T00:00:00+00:00,9.97,4570,rank_dropout
baseline_net,TORNTPHARM,2025-11-14T00:00:00+00:00,3831.8,2025-11-21T00:00:00+00:00,3686.5,13,rank_dropout
baseline_net,ASAHIINDIA,2025-11-14T00:00:00+00:00,969.35,2025-11-21T00:00:00+00:00,983.35,51,rank_dropout
baseline_net,SYRMA,2025-11-14T00:00:00+00:00,894.35,2025-11-21T00:00:00+00:00,835.9,55,rank_dropout
baseline_net,STARHEALTH,2025-11-14T00:00:00+00:00,522.45,2025-11-21T00:00:00+00:00,491.4,94,rank_dropout
baseline_net,SBILIFE,2025-10-31T00:00:00+00:00,1955.7,2025-11-28T00:00:00+00:00,1966,25,rank_dropout
baseline_net,ASIANPAINT,2025-11-14T00:00:00+00:00,2906.4,2025-11-28T00:00:00+00:00,2874.4,17,rank_dropout
baseline_net,SBIN,2025-11-14T00:00:00+00:00,967.85,2025-11-28T00:00:00+00:00,979,51,rank_dropout
baseline_net,LT,2025-11-14T00:00:00+00:00,4004.4,2025-11-28T00:00:00+00:00,4069.6,12,rank_dropout
baseline_net,BHARTIARTL,2025-11-14T00:00:00+00:00,2100.7,2025-11-28T00:00:00+00:00,2101.6,23,rank_dropout
baseline_net,AXISBANK,2025-11-21T00:00:00+00:00,1275.8,2025-11-28T00:00:00+00:00,1279.7,39,rank_dropout
baseline_net,EICHERMOT,2025-11-21T00:00:00+00:00,7134.5,2025-11-28T00:00:00+00:00,7053.5,7,rank_dropout
baseline_net,TATACONSUM,2025-11-21T00:00:00+00:00,1183.1,2025-11-28T00:00:00+00:00,1172.4,42,rank_dropout
baseline_net,NYKAA,2025-11-21T00:00:00+00:00,268.52,2025-11-28T00:00:00+00:00,267.31,186,rank_dropout
baseline_net,SHRIRAMFIN,2025-11-21T00:00:00+00:00,823.3,2025-11-28T00:00:00+00:00,851.65,60,rank_dropout
baseline_net,NESTLEIND,2025-11-21T00:00:00+00:00,1280.7,2025-11-28T00:00:00+00:00,1261.1,39,rank_dropout
baseline_net,KIRLOSENG,2025-11-21T00:00:00+00:00,1163.2,2025-11-28T00:00:00+00:00,1124.85,29,rank_dropout
baseline_net,TITAN,2025-11-14T00:00:00+00:00,3829.2,2025-12-05T00:00:00+00:00,3813.3,13,rank_dropout
baseline_net,RELIANCE,2025-11-21T00:00:00+00:00,1546.6,2025-12-05T00:00:00+00:00,1540.6,32,rank_dropout
baseline_net,GMRAIRPORT,2025-11-21T00:00:00+00:00,104.05,2025-12-05T00:00:00+00:00,103.51,480,rank_dropout
baseline_net,M&MFIN,2025-11-28T00:00:00+00:00,371.85,2025-12-05T00:00:00+00:00,367.55,134,rank_dropout
baseline_net,IIFL,2025-11-28T00:00:00+00:00,578.7,2025-12-05T00:00:00+00:00,569.35,86,rank_dropout
baseline_net,AIAENG,2025-11-28T00:00:00+00:00,3862.6,2025-12-05T00:00:00+00:00,3765.8,12,rank_dropout
baseline_net,CANBK,2025-11-28T00:00:00+00:00,151.58,2025-12-05T00:00:00+00:00,148.64,329,rank_dropout
baseline_net,CUMMINSIND,2025-11-28T00:00:00+00:00,4479.3,2025-12-05T00:00:00+00:00,4468.9,11,rank_dropout
baseline_net,ADANIPORTS,2025-11-28T00:00:00+00:00,1516.9,2025-12-05T00:00:00+00:00,1509.4,32,rank_dropout
baseline_net,PNB,2025-11-28T00:00:00+00:00,124.5,2025-12-05T00:00:00+00:00,121.71,262,rank_dropout
baseline_net,HEROMOTOCO,2025-11-21T00:00:00+00:00,6002.5,2025-12-12T00:00:00+00:00,5960,8,rank_dropout
baseline_net,M&M,2025-11-21T00:00:00+00:00,3749.6,2025-12-12T00:00:00+00:00,3679.6,13,rank_dropout
baseline_net,AUBANK,2025-11-21T00:00:00+00:00,915.35,2025-12-12T00:00:00+00:00,968.05,54,rank_dropout
baseline_net,HDFCBANK,2025-11-21T00:00:00+00:00,998.05,2025-12-12T00:00:00+00:00,1001.5,50,rank_dropout
baseline_net,LAURUSLABS,2025-11-28T00:00:00+00:00,1031.35,2025-12-12T00:00:00+00:00,1012.3,48,rank_dropout
baseline_net,LTF,2025-11-28T00:00:00+00:00,312.35,2025-12-12T00:00:00+00:00,307.85,160,rank_dropout
baseline_net,PTCIL,2025-12-05T00:00:00+00:00,18875,2025-12-12T00:00:00+00:00,18235,2,rank_dropout
baseline_net,ASIANPAINT,2025-12-05T00:00:00+00:00,2968.5,2025-12-12T00:00:00+00:00,2764.8,16,rank_dropout
baseline_net,MCX,2025-12-05T00:00:00+00:00,2068.6,2025-12-12T00:00:00+00:00,2032.4,24,rank_dropout
baseline_net,COFORGE,2025-12-05T00:00:00+00:00,1977.9,2025-12-12T00:00:00+00:00,1851,25,rank_dropout
baseline_net,TVSMOTOR,2025-12-05T00:00:00+00:00,3665.4,2025-12-12T00:00:00+00:00,3655.2,13,rank_dropout
baseline_net,SHRIRAMFIN,2025-12-05T00:00:00+00:00,854.9,2025-12-12T00:00:00+00:00,848,52,rank_dropout
baseline_net,ABCAPITAL,2025-11-28T00:00:00+00:00,358.05,2025-12-19T00:00:00+00:00,348.7,139,rank_dropout
baseline_net,MUTHOOTFIN,2025-11-28T00:00:00+00:00,3744.2,2025-12-19T00:00:00+00:00,3781.2,13,rank_dropout
baseline_net,EICHERMOT,2025-12-05T00:00:00+00:00,7208,2025-12-19T00:00:00+00:00,7217,6,rank_dropout
baseline_net,AXISBANK,2025-12-05T00:00:00+00:00,1282.5,2025-12-19T00:00:00+00:00,1230.6,38,rank_dropout
baseline_net,CUMMINSIND,2025-12-12T00:00:00+00:00,4600.2,2025-12-19T00:00:00+00:00,4410.4,10,rank_dropout
baseline_net,LT,2025-12-12T00:00:00+00:00,4074.1,2025-12-19T00:00:00+00:00,4073.5,12,rank_dropout
baseline_net,NAVINFLUOR,2025-12-12T00:00:00+00:00,6122.5,2025-12-19T00:00:00+00:00,5845,8,rank_dropout
baseline_net,ADANIPORTS,2025-12-12T00:00:00+00:00,1522.8,2025-12-19T00:00:00+00:00,1496.4,12,rank_dropout
baseline_net,FEDERALBNK,2025-10-31T00:00:00+00:00,236.61,2025-12-26T00:00:00+00:00,262,211,rank_dropout
baseline_net,MOTHERSON,2025-11-28T00:00:00+00:00,116.31,2025-12-26T00:00:00+00:00,119.29,429,rank_dropout
baseline_net,IDEA,2025-12-12T00:00:00+00:00,11.64,2025-12-26T00:00:00+00:00,11.94,4295,rank_dropout
baseline_net,ASHOKLEY,2025-12-12T00:00:00+00:00,163.86,2025-12-26T00:00:00+00:00,174.68,305,rank_dropout
baseline_net,CANFINHOME,2025-12-19T00:00:00+00:00,936.6,2025-12-26T00:00:00+00:00,925.35,53,rank_dropout
baseline_net,JKTYRE,2025-12-19T00:00:00+00:00,485.75,2025-12-26T00:00:00+00:00,497.55,102,rank_dropout
baseline_net,SHRIRAMFIN,2025-12-19T00:00:00+00:00,901.7,2025-12-26T00:00:00+00:00,960.25,55,rank_dropout
baseline_net,BHARATFORG,2025-12-19T00:00:00+00:00,1439.9,2025-12-26T00:00:00+00:00,1443.8,34,rank_dropout
baseline_net,HINDCOPPER,2025-12-05T00:00:00+00:00,371.85,2026-01-02T00:00:00+00:00,541.9,134,rank_dropout
baseline_net,IDFCFIRSTB,2025-12-12T00:00:00+00:00,82.29,2026-01-02T00:00:00+00:00,85.92,607,rank_dropout
baseline_net,HINDZINC,2025-12-12T00:00:00+00:00,561.65,2026-01-02T00:00:00+00:00,628.8,89,rank_dropout
baseline_net,LAURUSLABS,2025-12-19T00:00:00+00:00,1045.2,2026-01-02T00:00:00+00:00,1106.5,47,rank_dropout
baseline_net,EICHERMOT,2025-12-26T00:00:00+00:00,7324,2026-01-02T00:00:00+00:00,7334.5,6,rank_dropout
baseline_net,MCX,2025-12-26T00:00:00+00:00,2210.4,2026-01-02T00:00:00+00:00,2216,22,rank_dropout
baseline_net,GRANULES,2025-12-26T00:00:00+00:00,617.35,2026-01-02T00:00:00+00:00,615.35,80,rank_dropout
baseline_net,IIFL,2025-12-26T00:00:00+00:00,599.25,2026-01-02T00:00:00+00:00,641.4,83,rank_dropout
baseline_net,UPL,2025-12-26T00:00:00+00:00,774.05,2026-01-02T00:00:00+00:00,804.65,64,rank_dropout
baseline_net,MANAPPURAM,2025-12-26T00:00:00+00:00,313.35,2026-01-02T00:00:00+00:00,311.15,84,rank_dropout
baseline_net,MARUTI,2025-12-12T00:00:00+00:00,16522,2026-01-09T00:00:00+00:00,16501,3,rank_dropout
baseline_net,HINDALCO,2025-12-12T00:00:00+00:00,852.1,2026-01-09T00:00:00+00:00,900.95,58,rank_dropout
baseline_net,RELIANCE,2025-12-12T00:00:00+00:00,1556.5,2026-01-09T00:00:00+00:00,1475.3,32,rank_dropout
baseline_net,NMDC,2025-12-26T00:00:00+00:00,82.61,2026-01-09T00:00:00+00:00,80.48,605,rank_dropout
baseline_net,CRAFTSMAN,2025-12-26T00:00:00+00:00,7379.5,2026-01-09T00:00:00+00:00,7621,6,rank_dropout
baseline_net,TORNTPHARM,2025-12-26T00:00:00+00:00,3816.6,2026-01-09T00:00:00+00:00,3963.4,13,rank_dropout
baseline_net,LT,2026-01-02T00:00:00+00:00,4163.4,2026-01-09T00:00:00+00:00,4025.2,12,rank_dropout
baseline_net,CHOICEIN,2026-01-02T00:00:00+00:00,850.3,2026-01-09T00:00:00+00:00,820.2,58,rank_dropout
baseline_net,AIAENG,2026-01-02T00:00:00+00:00,4089.7,2026-01-09T00:00:00+00:00,3953.7,12,rank_dropout
baseline_net,M&M,2026-01-02T00:00:00+00:00,3802.4,2026-01-09T00:00:00+00:00,3677.3,13,rank_dropout
baseline_net,BANKBARODA,2026-01-02T00:00:00+00:00,305.05,2026-01-09T00:00:00+00:00,300.65,163,rank_dropout
baseline_net,COALINDIA,2026-01-02T00:00:00+00:00,427.9,2026-01-09T00:00:00+00:00,418.35,116,rank_dropout
baseline_net,MAHABANK,2026-01-02T00:00:00+00:00,63.93,2026-01-09T00:00:00+00:00,62.48,782,rank_dropout
baseline_net,CHOLAFIN,2026-01-02T00:00:00+00:00,1781.1,2026-01-09T00:00:00+00:00,1717.1,28,rank_dropout
baseline_net,BHEL,2026-01-02T00:00:00+00:00,299.5,2026-01-09T00:00:00+00:00,274.25,166,rank_dropout
baseline_net,NATIONALUM,2025-12-05T00:00:00+00:00,273.15,2026-01-16T00:00:00+00:00,361.6,183,rank_dropout
baseline_net,TITAN,2025-12-19T00:00:00+00:00,3930.1,2026-01-16T00:00:00+00:00,4196.9,12,rank_dropout
baseline_net,PHOENIXLTD,2025-12-19T00:00:00+00:00,1831.3,2026-01-16T00:00:00+00:00,1859,27,rank_dropout
baseline_net,ASHOKLEY,2026-01-02T00:00:00+00:00,188.78,2026-01-16T00:00:00+00:00,184.25,264,rank_dropout
baseline_net,IDFCFIRSTB,2026-01-09T00:00:00+00:00,86,2026-01-16T00:00:00+00:00,83.79,581,rank_dropout
baseline_net,EICHERMOT,2026-01-09T00:00:00+00:00,7507,2026-01-16T00:00:00+00:00,7315,6,rank_dropout
baseline_net,ICICIPRULI,2026-01-09T00:00:00+00:00,685.45,2026-01-16T00:00:00+00:00,678,72,rank_dropout
baseline_net,PERSISTENT,2026-01-09T00:00:00+00:00,6417,2026-01-16T00:00:00+00:00,6403,7,rank_dropout
baseline_net,UNIONBANK,2026-01-09T00:00:00+00:00,162.26,2026-01-16T00:00:00+00:00,176.15,308,rank_dropout
baseline_net,SUNDARMFIN,2026-01-09T00:00:00+00:00,5253,2026-01-16T00:00:00+00:00,5082.5,9,rank_dropout
baseline_net,BAJAJ-AUTO,2026-01-09T00:00:00+00:00,9562.5,2026-01-16T00:00:00+00:00,9489,5,rank_dropout
baseline_net,POLYCAB,2026-01-09T00:00:00+00:00,7685,2026-01-16T00:00:00+00:00,7121.5,6,rank_dropout
baseline_net,SBILIFE,2026-01-09T00:00:00+00:00,2070,2026-01-23T00:00:00+00:00,2002.6,24,rank_dropout
baseline_net,AXISBANK,2026-01-09T00:00:00+00:00,1272,2026-01-23T00:00:00+00:00,1258,39,rank_dropout
baseline_net,AUBANK,2026-01-09T00:00:00+00:00,999.2,2026-01-23T00:00:00+00:00,966.1,50,rank_dropout
baseline_net,BANKINDIA,2026-01-16T00:00:00+00:00,157.34,2026-01-23T00:00:00+00:00,159.65,317,rank_dropout
baseline_net,PNB,2026-01-16T00:00:00+00:00,132.36,2026-01-23T00:00:00+00:00,120.15,377,rank_dropout
baseline_net,CANBK,2026-01-16T00:00:00+00:00,157.13,2026-01-23T00:00:00+00:00,151.81,318,rank_dropout
baseline_net,NAVINFLUOR,2026-01-16T00:00:00+00:00,6156.5,2026-01-23T00:00:00+00:00,5919,8,rank_dropout
baseline_net,LTM,2026-01-16T00:00:00+00:00,6308,2026-01-23T00:00:00+00:00,5893.5,7,rank_dropout
baseline_net,MUTHOOTFIN,2026-01-16T00:00:00+00:00,3936.1,2026-01-23T00:00:00+00:00,3802.8,12,rank_dropout
baseline_net,INDIACEM,2026-01-16T00:00:00+00:00,478.55,2026-01-23T00:00:00+00:00,431.5,104,rank_dropout
baseline_net,BANKBARODA,2026-01-16T00:00:00+00:00,308.25,2026-01-23T00:00:00+00:00,296.15,162,rank_dropout
baseline_net,ABCAPITAL,2026-01-16T00:00:00+00:00,362,2026-01-23T00:00:00+00:00,347.45,138,rank_dropout
baseline_net,VEDL,2025-12-12T00:00:00+00:00,203.6,2026-02-01T00:00:00+00:00,245.37,245,rank_dropout
baseline_net,ALKEM,2026-01-09T00:00:00+00:00,5799,2026-02-01T00:00:00+00:00,5565,8,rank_dropout
baseline_net,EMCURE,2026-01-09T00:00:00+00:00,1540.6,2026-02-01T00:00:00+00:00,1485.3,32,rank_dropout
baseline_net,SBIN,2026-01-09T00:00:00+00:00,1000.5,2026-02-01T00:00:00+00:00,1018.2,49,rank_dropout
baseline_net,TATASTEEL,2026-01-16T00:00:00+00:00,188.21,2026-02-01T00:00:00+00:00,185.38,265,rank_dropout
baseline_net,MAHABANK,2026-01-16T00:00:00+00:00,66.53,2026-02-01T00:00:00+00:00,60.43,751,rank_dropout
baseline_net,HINDZINC,2026-01-23T00:00:00+00:00,698.7,2026-02-01T00:00:00+00:00,570.1,71,rank_dropout
baseline_net,HINDALCO,2026-01-23T00:00:00+00:00,950.3,2026-02-01T00:00:00+00:00,908.2,52,rank_dropout
baseline_net,NATIONALUM,2026-01-23T00:00:00+00:00,370.65,2026-02-01T00:00:00+00:00,354.2,134,rank_dropout
baseline_net,INDIANB,2026-01-23T00:00:00+00:00,876.45,2026-02-01T00:00:00+00:00,843.15,57,rank_dropout
baseline_net,NESTLEIND,2026-01-09T00:00:00+00:00,1299.1,2026-02-06T00:00:00+00:00,1303.3,38,rank_dropout
baseline_net,TORNTPHARM,2026-01-16T00:00:00+00:00,4018.2,2026-02-06T00:00:00+00:00,3939,12,rank_dropout
baseline_net,TECHM,2026-01-23T00:00:00+00:00,1701.1,2026-02-06T00:00:00+00:00,1619.9,29,rank_dropout
baseline_net,SHRIRAMFIN,2026-01-23T00:00:00+00:00,1003.55,2026-02-06T00:00:00+00:00,1002.5,49,rank_dropout
baseline_net,FEDERALBNK,2026-01-23T00:00:00+00:00,278.55,2026-02-06T00:00:00+00:00,286.8,179,rank_dropout
baseline_net,LUPIN,2026-01-23T00:00:00+00:00,2137.2,2026-02-06T00:00:00+00:00,2173.7,11,rank_dropout
baseline_net,GVT&D,2026-02-01T00:00:00+00:00,3243.6,2026-02-06T00:00:00+00:00,3552.2,15,rank_dropout
baseline_net,AXISBANK,2026-02-01T00:00:00+00:00,1340.4,2026-02-06T00:00:00+00:00,1341.6,37,rank_dropout
baseline_net,BAJAJ-AUTO,2026-02-01T00:00:00+00:00,9499.5,2026-02-06T00:00:00+00:00,9518.5,5,rank_dropout
baseline_net,OIL,2026-02-01T00:00:00+00:00,501.8,2026-02-06T00:00:00+00:00,497.25,99,rank_dropout
baseline_net,ZFCVINDIA,2026-02-01T00:00:00+00:00,2535,2026-02-06T00:00:00+00:00,2480.67,19,rank_dropout
baseline_net,AIAENG,2026-02-01T00:00:00+00:00,3996.4,2026-02-06T00:00:00+00:00,3882.7,12,rank_dropout
baseline_net,AUBANK,2026-02-01T00:00:00+00:00,979.6,2026-02-06T00:00:00+00:00,991.05,51,rank_dropout
baseline_net,LTM,2026-02-01T00:00:00+00:00,6070.5,2026-02-06T00:00:00+00:00,5561.5,6,rank_dropout
baseline_net,ASHOKLEY,2026-01-23T00:00:00+00:00,192.98,2026-02-13T00:00:00+00:00,204.63,259,rank_dropout
baseline_net,JKTYRE,2026-01-23T00:00:00+00:00,508.05,2026-02-13T00:00:00+00:00,587.95,98,rank_dropout
baseline_net,NAVINFLUOR,2026-02-01T00:00:00+00:00,5950,2026-02-13T00:00:00+00:00,6304,8,rank_dropout
baseline_net,SUNDARMFIN,2026-02-06T00:00:00+00:00,5439,2026-02-13T00:00:00+00:00,5289.5,9,rank_dropout
baseline_net,NYKAA,2026-02-06T00:00:00+00:00,276.99,2026-02-13T00:00:00+00:00,270.95,180,rank_dropout
baseline_net,BPCL,2026-02-06T00:00:00+00:00,386.35,2026-02-13T00:00:00+00:00,374.1,129,rank_dropout
baseline_net,GESHIP,2026-02-06T00:00:00+00:00,1274.2,2026-02-13T00:00:00+00:00,1300.1,39,rank_dropout
baseline_net,KARURVYSYA,2026-02-06T00:00:00+00:00,318.1,2026-02-13T00:00:00+00:00,316,157,rank_dropout
baseline_net,ADANIPORTS,2026-02-06T00:00:00+00:00,1550.7,2026-02-13T00:00:00+00:00,1519,32,rank_dropout
baseline_net,IDFCFIRSTB,2026-02-06T00:00:00+00:00,85.11,2026-02-13T00:00:00+00:00,81.54,587,rank_dropout
baseline_net,BHARATFORG,2026-02-06T00:00:00+00:00,1557.5,2026-02-13T00:00:00+00:00,1738.8,32,rank_dropout
baseline_net,APLAPOLLO,2026-01-23T00:00:00+00:00,2000.1,2026-02-20T00:00:00+00:00,2187.5,24,rank_dropout
baseline_net,JSWSTEEL,2026-02-01T00:00:00+00:00,1191.5,2026-02-20T00:00:00+00:00,1235.8,41,rank_dropout
baseline_net,SAIL,2026-02-06T00:00:00+00:00,160.52,2026-02-20T00:00:00+00:00,158.75,311,rank_dropout
baseline_net,INDUSTOWER,2026-02-06T00:00:00+00:00,443.35,2026-02-20T00:00:00+00:00,474.35,112,rank_dropout
baseline_net,EICHERMOT,2026-02-13T00:00:00+00:00,8065,2026-02-20T00:00:00+00:00,7936.5,6,rank_dropout
baseline_net,ULTRACEMCO,2026-02-13T00:00:00+00:00,12963,2026-02-20T00:00:00+00:00,12766,3,rank_dropout
baseline_net,TVSMOTOR,2026-02-13T00:00:00+00:00,3864.6,2026-02-20T00:00:00+00:00,3816.2,12,rank_dropout
baseline_net,TORNTPHARM,2026-02-13T00:00:00+00:00,4078,2026-02-20T00:00:00+00:00,4241.7,12,rank_dropout
baseline_net,ZFCVINDIA,2026-02-13T00:00:00+00:00,2643,2026-02-20T00:00:00+00:00,2541,18,rank_dropout
baseline_net,BAJAJ-AUTO,2026-02-13T00:00:00+00:00,9760,2026-02-20T00:00:00+00:00,9807,5,rank_dropout
baseline_net,SHRIRAMFIN,2026-02-13T00:00:00+00:00,1065.8,2026-02-20T00:00:00+00:00,1059.3,46,rank_dropout
baseline_net,LUPIN,2026-02-13T00:00:00+00:00,2199.3,2026-02-20T00:00:00+00:00,2219.4,18,rank_dropout
baseline_net,JINDALSTEL,2026-01-23T00:00:00+00:00,1063.6,2026-02-27T00:00:00+00:00,1244.2,47,rank_dropout
baseline_net,NTPC,2026-02-06T00:00:00+00:00,365.05,2026-02-27T00:00:00+00:00,381.9,136,rank_dropout
baseline_net,SBIN,2026-02-06T00:00:00+00:00,1066.4,2026-02-27T00:00:00+00:00,1201.7,46,rank_dropout
baseline_net,MFSL,2026-02-06T00:00:00+00:00,1704.6,2026-02-27T00:00:00+00:00,1813.4,29,rank_dropout
baseline_net,LT,2026-02-13T00:00:00+00:00,4173.9,2026-02-27T00:00:00+00:00,4278.3,11,rank_dropout
baseline_net,ASTRAL,2026-02-13T00:00:00+00:00,1596.5,2026-02-27T00:00:00+00:00,1667.9,31,rank_dropout
baseline_net,ABSLAMC,2026-02-20T00:00:00+00:00,917.9,2026-02-27T00:00:00+00:00,893.6,54,rank_dropout
baseline_net,UNIONBANK,2026-02-20T00:00:00+00:00,193.98,2026-02-27T00:00:00+00:00,202.27,257,rank_dropout
baseline_net,AUBANK,2026-02-20T00:00:00+00:00,1029.65,2026-02-27T00:00:00+00:00,958.35,48,rank_dropout
baseline_net,CUMMINSIND,2026-02-20T00:00:00+00:00,4733.9,2026-02-27T00:00:00+00:00,4898.3,10,rank_dropout
baseline_net,VOLTAS,2026-02-13T00:00:00+00:00,1525.4,2026-03-06T00:00:00+00:00,1478.4,32,rank_dropout
baseline_net,KEI,2026-02-13T00:00:00+00:00,4566.8,2026-03-06T00:00:00+00:00,4921,10,rank_dropout
baseline_net,INDIANB,2026-02-20T00:00:00+00:00,946.7,2026-03-06T00:00:00+00:00,939.4,52,rank_dropout
baseline_net,ONGC,2026-02-20T00:00:00+00:00,278.65,2026-03-06T00:00:00+00:00,278.95,179,rank_dropout
baseline_net,BANKINDIA,2026-02-20T00:00:00+00:00,171.7,2026-03-06T00:00:00+00:00,159.58,291,rank_dropout
baseline_net,BANKBARODA,2026-02-20T00:00:00+00:00,309.05,2026-03-06T00:00:00+00:00,295.35,96,rank_dropout
baseline_net,SIEMENS,2026-02-27T00:00:00+00:00,3418.6,2026-03-06T00:00:00+00:00,3268.9,14,rank_dropout
baseline_net,SAILIFE,2026-02-27T00:00:00+00:00,998.25,2026-03-06T00:00:00+00:00,1037,50,rank_dropout
baseline_net,FEDERALBNK,2026-02-27T00:00:00+00:00,299.85,2026-03-06T00:00:00+00:00,286.5,166,rank_dropout
baseline_net,IOC,2026-02-27T00:00:00+00:00,187.47,2026-03-06T00:00:00+00:00,168.68,266,rank_dropout
baseline_net,PETRONET,2026-02-27T00:00:00+00:00,323.4,2026-03-06T00:00:00+00:00,290.4,154,rank_dropout
baseline_net,SAIL,2026-02-27T00:00:00+00:00,165.71,2026-03-06T00:00:00+00:00,154.94,301,rank_dropout
baseline_net,3MINDIA,2026-02-27T00:00:00+00:00,37505,2026-03-06T00:00:00+00:00,34320,1,rank_dropout
baseline_net,POWERINDIA,2026-02-20T00:00:00+00:00,23871,2026-03-13T00:00:00+00:00,24165,2,rank_dropout
baseline_net,POLYCAB,2026-02-20T00:00:00+00:00,7869,2026-03-13T00:00:00+00:00,7193.5,6,rank_dropout
baseline_net,BHARATFORG,2026-02-20T00:00:00+00:00,1780,2026-03-13T00:00:00+00:00,1675.1,28,rank_dropout
baseline_net,RRKABEL,2026-02-27T00:00:00+00:00,1562.6,2026-03-13T00:00:00+00:00,1343.1,31,rank_dropout
baseline_net,TITAN,2026-02-27T00:00:00+00:00,4327.5,2026-03-13T00:00:00+00:00,4073.2,11,rank_dropout
baseline_net,ASTRAL,2026-03-06T00:00:00+00:00,1689.2,2026-03-13T00:00:00+00:00,1611.8,29,rank_dropout
baseline_net,BEL,2026-03-06T00:00:00+00:00,468.45,2026-03-13T00:00:00+00:00,439.4,106,rank_dropout
baseline_net,ABSLAMC,2026-03-06T00:00:00+00:00,924.4,2026-03-13T00:00:00+00:00,932.8,54,rank_dropout
baseline_net,MRPL,2026-03-06T00:00:00+00:00,206.55,2026-03-13T00:00:00+00:00,178.14,242,rank_dropout
baseline_net,SCHAEFFLER,2026-03-06T00:00:00+00:00,4325.8,2026-03-13T00:00:00+00:00,3830.6,11,rank_dropout
baseline_net,GVT&D,2026-03-06T00:00:00+00:00,3869,2026-03-13T00:00:00+00:00,3604.3,12,rank_dropout
baseline_net,DATAPATTNS,2026-03-06T00:00:00+00:00,3491.2,2026-03-13T00:00:00+00:00,3215,7,rank_dropout
baseline_net,KIRLOSENG,2026-03-06T00:00:00+00:00,1510.5,2026-03-20T00:00:00+00:00,1376.7,33,rank_dropout
baseline_net,AJANTPHARM,2026-03-06T00:00:00+00:00,2992,2026-03-20T00:00:00+00:00,2904.7,16,rank_dropout
baseline_net,TIMKEN,2026-03-13T00:00:00+00:00,3445.4,2026-03-20T00:00:00+00:00,3163.3,14,rank_dropout
baseline_net,J&KBANK,2026-03-13T00:00:00+00:00,120.81,2026-03-20T00:00:00+00:00,118.82,413,rank_dropout
baseline_net,POWERGRID,2026-03-13T00:00:00+00:00,300.95,2026-03-20T00:00:00+00:00,297.6,90,rank_dropout
baseline_net,TATAPOWER,2026-03-13T00:00:00+00:00,394.95,2026-03-27T00:00:00+00:00,385.7,126,rank_dropout
baseline_net,DRREDDY,2026-03-13T00:00:00+00:00,1292.3,2026-03-27T00:00:00+00:00,1281.7,38,rank_dropout
baseline_net,CHENNPETRO,2026-03-20T00:00:00+00:00,1064.75,2026-03-27T00:00:00+00:00,959.75,46,rank_dropout
baseline_net,ADANIENSOL,2026-03-20T00:00:00+00:00,1009.9,2026-03-27T00:00:00+00:00,956,49,rank_dropout
baseline_net,TITAN,2026-03-20T00:00:00+00:00,4106.6,2026-03-27T00:00:00+00:00,3981.5,9,rank_dropout
baseline_net,NTPC,2026-03-06T00:00:00+00:00,380.6,2026-04-02T00:00:00+00:00,359.65,131,rank_dropout
baseline_net,SUNPHARMA,2026-03-06T00:00:00+00:00,1799.4,2026-04-02T00:00:00+00:00,1693.6,27,rank_dropout
baseline_net,TORNTPHARM,2026-03-13T00:00:00+00:00,4390,2026-04-02T00:00:00+00:00,3987.2,11,rank_dropout
baseline_net,IPCALAB,2026-03-13T00:00:00+00:00,1561.3,2026-04-02T00:00:00+00:00,1488.3,32,rank_dropout
baseline_net,GLENMARK,2026-03-13T00:00:00+00:00,2170.7,2026-04-02T00:00:00+00:00,2091.8,23,rank_dropout
baseline_net,EMCURE,2026-03-27T00:00:00+00:00,1652.7,2026-04-02T00:00:00+00:00,1547.6,30,rank_dropout
baseline_net,GVT&D,2026-03-27T00:00:00+00:00,3746.2,2026-04-02T00:00:00+00:00,3822.2,13,rank_dropout
baseline_net,APOLLOHOSP,2026-03-27T00:00:00+00:00,7549,2026-04-02T00:00:00+00:00,7317.5,3,rank_dropout
baseline_net,INOXINDIA,2026-03-27T00:00:00+00:00,1198.6,2026-04-02T00:00:00+00:00,1242.3,3,rank_dropout
baseline_net,GESHIP,2026-03-06T00:00:00+00:00,1415.3,2026-04-10T00:00:00+00:00,1372.9,35,rank_dropout
baseline_net,COALINDIA,2026-03-13T00:00:00+00:00,467,2026-04-10T00:00:00+00:00,434.1,107,rank_dropout
baseline_net,CCL,2026-03-13T00:00:00+00:00,1022.6,2026-04-10T00:00:00+00:00,1078.3,48,rank_dropout
baseline_net,GRANULES,2026-03-20T00:00:00+00:00,590.95,2026-04-10T00:00:00+00:00,631.95,84,rank_dropout
baseline_net,NATCOPHARM,2026-04-02T00:00:00+00:00,1027.55,2026-04-10T00:00:00+00:00,1104.2,48,rank_dropout
baseline_net,NLCINDIA,2026-04-02T00:00:00+00:00,278.6,2026-04-10T00:00:00+00:00,267.2,179,rank_dropout
baseline_net,MARICO,2026-04-02T00:00:00+00:00,761.35,2026-04-10T00:00:00+00:00,763.25,65,rank_dropout
baseline_net,CHENNPETRO,2026-04-02T00:00:00+00:00,1032.25,2026-04-10T00:00:00+00:00,973.85,48,rank_dropout
baseline_net,NATIONALUM,2026-04-02T00:00:00+00:00,401.8,2026-04-10T00:00:00+00:00,417,22,rank_dropout
baseline_net,VTL,2026-02-20T00:00:00+00:00,536.45,2026-04-17T00:00:00+00:00,557.6,93,rank_dropout
baseline_net,LUPIN,2026-02-27T00:00:00+00:00,2301.9,2026-04-17T00:00:00+00:00,2326.1,21,rank_dropout
baseline_net,ABB,2026-03-06T00:00:00+00:00,6062,2026-04-17T00:00:00+00:00,7029.5,8,rank_dropout
baseline_net,ONGC,2026-03-27T00:00:00+00:00,281.95,2026-04-17T00:00:00+00:00,284.05,177,rank_dropout
baseline_net,GPIL,2026-03-27T00:00:00+00:00,272.1,2026-04-17T00:00:00+00:00,305.55,183,rank_dropout
baseline_net,ANANDRATHI,2026-04-02T00:00:00+00:00,1604.1,2026-04-17T00:00:00+00:00,1844.9,31,rank_dropout
baseline_net,HONASA,2026-04-10T00:00:00+00:00,344.85,2026-04-17T00:00:00+00:00,345.3,144,rank_dropout
baseline_net,MCX,2026-04-10T00:00:00+00:00,2669.4,2026-04-17T00:00:00+00:00,2856.1,18,rank_dropout
baseline_net,SAIL,2026-04-10T00:00:00+00:00,166.02,2026-04-17T00:00:00+00:00,173.33,301,rank_dropout
baseline_net,AUROPHARMA,2026-03-13T00:00:00+00:00,1296.5,2026-04-24T00:00:00+00:00,1413.8,38,rank_dropout
baseline_net,TITAN,2026-04-02T00:00:00+00:00,4097.2,2026-04-24T00:00:00+00:00,4410,12,rank_dropout
baseline_net,SONACOMS,2026-04-10T00:00:00+00:00,554.25,2026-04-24T00:00:00+00:00,564.85,90,rank_dropout
baseline_net,BSE,2026-04-10T00:00:00+00:00,3281.2,2026-04-24T00:00:00+00:00,3446,15,rank_dropout
baseline_net,SIEMENS,2026-04-10T00:00:00+00:00,3388.5,2026-04-24T00:00:00+00:00,3808.9,14,rank_dropout
baseline_net,VEDL,2026-04-17T00:00:00+00:00,294.94,2026-04-24T00:00:00+00:00,270.02,169,rank_dropout
baseline_net,ABSLAMC,2026-04-17T00:00:00+00:00,1068.25,2026-04-24T00:00:00+00:00,1067.65,46,rank_dropout
baseline_net,LAURUSLABS,2026-04-17T00:00:00+00:00,1135.75,2026-04-24T00:00:00+00:00,1113.45,44,rank_dropout
baseline_net,ADANIPORTS,2026-04-17T00:00:00+00:00,1573.4,2026-04-24T00:00:00+00:00,1585.1,31,rank_dropout
baseline_net,ADANIENSOL,2026-04-10T00:00:00+00:00,1157.9,2026-04-30T00:00:00+00:00,1342.25,43,rank_dropout
baseline_net,NMDC,2026-04-10T00:00:00+00:00,85.07,2026-04-30T00:00:00+00:00,90.37,587,rank_dropout
baseline_net,PFC,2026-04-10T00:00:00+00:00,434.9,2026-04-30T00:00:00+00:00,448.4,23,rank_dropout
baseline_net,NATIONALUM,2026-04-17T00:00:00+00:00,438.75,2026-04-30T00:00:00+00:00,399.3,113,rank_dropout
baseline_net,GRANULES,2026-04-17T00:00:00+00:00,655.7,2026-04-30T00:00:00+00:00,699.7,76,rank_dropout
baseline_net,HFCL,2026-04-17T00:00:00+00:00,95.49,2026-04-30T00:00:00+00:00,116.03,523,rank_dropout
baseline_net,SAIL,2026-04-24T00:00:00+00:00,178.46,2026-04-30T00:00:00+00:00,184.62,280,rank_dropout
baseline_net,HINDALCO,2026-04-24T00:00:00+00:00,1048.35,2026-04-30T00:00:00+00:00,1038,47,rank_dropout
baseline_net,AUBANK,2026-04-24T00:00:00+00:00,1065.65,2026-04-30T00:00:00+00:00,1015.95,46,rank_dropout
baseline_net,ADANIGREEN,2026-04-24T00:00:00+00:00,1235.8,2026-04-30T00:00:00+00:00,1227.15,40,rank_dropout
baseline_net,TATAPOWER,2026-04-24T00:00:00+00:00,435,2026-04-30T00:00:00+00:00,444.55,114,rank_dropout
baseline_net,NTPC,2026-04-24T00:00:00+00:00,401.85,2026-04-30T00:00:00+00:00,399.15,124,rank_dropout
baseline_net,GVT&D,2026-04-24T00:00:00+00:00,4598.3,2026-04-30T00:00:00+00:00,4466.2,10,rank_dropout
baseline_net,POWERINDIA,2026-03-20T00:00:00+00:00,25025,2026-05-08T00:00:00+00:00,34005,1,rank_dropout
baseline_net,LLOYDSME,2026-04-17T00:00:00+00:00,1623.3,2026-05-08T00:00:00+00:00,1736.3,30,rank_dropout
baseline_net,ADANIPOWER,2026-04-17T00:00:00+00:00,198.5,2026-05-08T00:00:00+00:00,225.33,133,rank_dropout
baseline_net,SCHNEIDER,2026-04-24T00:00:00+00:00,1180.1,2026-05-08T00:00:00+00:00,1344.6,42,rank_dropout
baseline_net,GESHIP,2026-04-30T00:00:00+00:00,1576.8,2026-05-08T00:00:00+00:00,1588.3,31,rank_dropout
baseline_net,BSE,2026-04-30T00:00:00+00:00,3640.5,2026-05-08T00:00:00+00:00,3907.4,13,rank_dropout
baseline_net,SONACOMS,2026-04-30T00:00:00+00:00,607.25,2026-05-08T00:00:00+00:00,579.3,82,rank_dropout
baseline_net,AARTIIND,2026-04-30T00:00:00+00:00,507.5,2026-05-08T00:00:00+00:00,485.45,98,rank_dropout
baseline_net,ADANIPORTS,2026-04-30T00:00:00+00:00,1657.3,2026-05-08T00:00:00+00:00,1760.4,30,rank_dropout
baseline_net,VTL,2026-04-30T00:00:00+00:00,612,2026-05-08T00:00:00+00:00,580.7,81,rank_dropout
baseline_net,WELCORP,2026-04-30T00:00:00+00:00,1266.75,2026-05-08T00:00:00+00:00,1291.9,39,rank_dropout
baseline_net,COALINDIA,2026-04-30T00:00:00+00:00,481.45,2026-05-08T00:00:00+00:00,456.4,103,rank_dropout
baseline_net,POWERGRID,2026-04-30T00:00:00+00:00,318.35,2026-05-08T00:00:00+00:00,313.95,157,rank_dropout
baseline_net,OFSS,2026-04-30T00:00:00+00:00,9726.5,2026-05-08T00:00:00+00:00,9345.5,4,rank_dropout
baseline_net,BHEL,2026-04-17T00:00:00+00:00,316.79,2026-05-15T00:00:00+00:00,398.3,157,rank_dropout
baseline_net,NESTLEIND,2026-04-24T00:00:00+00:00,1421.3,2026-05-15T00:00:00+00:00,1430.5,35,rank_dropout
baseline_net,SAILIFE,2026-04-30T00:00:00+00:00,1069.45,2026-05-15T00:00:00+00:00,1090.9,46,rank_dropout
baseline_net,BAJAJ-AUTO,2026-04-30T00:00:00+00:00,9994,2026-05-15T00:00:00+00:00,10377.5,5,rank_dropout
baseline_net,CGPOWER,2026-05-08T00:00:00+00:00,873.55,2026-05-15T00:00:00+00:00,838.2,57,rank_dropout
baseline_net,APARINDS,2026-05-08T00:00:00+00:00,12810,2026-05-15T00:00:00+00:00,12650,3,rank_dropout
baseline_net,ACUTAAS,2026-05-08T00:00:00+00:00,2734.3,2026-05-15T00:00:00+00:00,2731,18,rank_dropout
baseline_net,HONASA,2026-05-08T00:00:00+00:00,359.25,2026-05-15T00:00:00+00:00,354,139,rank_dropout
baseline_net,NLCINDIA,2026-05-08T00:00:00+00:00,328.2,2026-05-15T00:00:00+00:00,352.8,152,rank_dropout
baseline_net,GRANULES,2026-05-08T00:00:00+00:00,752.95,2026-05-15T00:00:00+00:00,736.2,66,rank_dropout
baseline_net,NAVA,2026-05-08T00:00:00+00:00,727.05,2026-05-15T00:00:00+00:00,628.5,30,rank_dropout
baseline_net,MCX,2026-04-30T00:00:00+00:00,2971.5,2026-05-22T00:00:00+00:00,3269.9,16,rank_dropout
baseline_net,SUNPHARMA,2026-05-08T00:00:00+00:00,1847.9,2026-05-22T00:00:00+00:00,1844.6,27,rank_dropout
baseline_net,LAURUSLABS,2026-05-08T00:00:00+00:00,1228.3,2026-05-22T00:00:00+00:00,1343.5,40,rank_dropout
baseline_net,CARBORUNIV,2026-05-08T00:00:00+00:00,1027.7,2026-05-22T00:00:00+00:00,1056.85,48,rank_dropout
baseline_net,NAM-INDIA,2026-05-08T00:00:00+00:00,1103.4,2026-05-22T00:00:00+00:00,1080.4,45,rank_dropout
baseline_net,MARICO,2026-05-15T00:00:00+00:00,841.15,2026-05-22T00:00:00+00:00,824.45,59,rank_dropout
baseline_net,AUROPHARMA,2026-05-15T00:00:00+00:00,1511.8,2026-05-22T00:00:00+00:00,1463.5,33,rank_dropout
baseline_net,KIRLOSENG,2026-05-15T00:00:00+00:00,1740.2,2026-05-22T00:00:00+00:00,1671,28,rank_dropout
baseline_net,BSE,2026-05-15T00:00:00+00:00,4000.6,2026-05-22T00:00:00+00:00,4193.8,12,rank_dropout
baseline_net,ASTERDM,2026-05-15T00:00:00+00:00,753.65,2026-05-22T00:00:00+00:00,756.6,66,rank_dropout
baseline_net,NATCOPHARM,2026-05-15T00:00:00+00:00,1199.1,2026-05-22T00:00:00+00:00,1169.7,41,rank_dropout
baseline_net,OIL,2026-05-15T00:00:00+00:00,518.3,2026-05-22T00:00:00+00:00,499.75,96,rank_dropout
baseline_net,RADICO,2026-05-15T00:00:00+00:00,3499.2,2026-05-22T00:00:00+00:00,3561.1,14,rank_dropout
baseline_net,ONGC,2026-05-15T00:00:00+00:00,299.35,2026-05-22T00:00:00+00:00,290,87,rank_dropout
baseline_net,CUMMINSIND,2026-04-02T00:00:00+00:00,4646.5,2026-05-29T00:00:00+00:00,5881,10,rank_dropout
baseline_net,APOLLOHOSP,2026-05-08T00:00:00+00:00,8097,2026-05-29T00:00:00+00:00,8176.5,6,rank_dropout
baseline_net,GRASIM,2026-05-08T00:00:00+00:00,2968.6,2026-05-29T00:00:00+00:00,3122.4,16,rank_dropout
baseline_net,POLYCAB,2026-05-08T00:00:00+00:00,9083,2026-05-29T00:00:00+00:00,9477.5,5,rank_dropout
baseline_net,BIOCON,2026-05-15T00:00:00+00:00,430.1,2026-05-29T00:00:00+00:00,428.65,116,rank_dropout
baseline_net,VBL,2026-05-22T00:00:00+00:00,539.45,2026-05-29T00:00:00+00:00,528,92,rank_dropout
baseline_net,TIMKEN,2026-05-22T00:00:00+00:00,3750.2,2026-05-29T00:00:00+00:00,3630.4,13,rank_dropout
baseline_net,HINDALCO,2026-05-22T00:00:00+00:00,1109.2,2026-05-29T00:00:00+00:00,1126.7,45,rank_dropout
baseline_net,MANAPPURAM,2026-05-22T00:00:00+00:00,324.1,2026-05-29T00:00:00+00:00,325.4,154,rank_dropout
baseline_net,KEI,2026-05-22T00:00:00+00:00,5260.5,2026-05-29T00:00:00+00:00,5267.5,9,rank_dropout
baseline_net,NAVINFLUOR,2026-05-22T00:00:00+00:00,7125,2026-05-29T00:00:00+00:00,7129,7,rank_dropout
baseline_net,TORNTPHARM,2026-05-22T00:00:00+00:00,4486.2,2026-05-29T00:00:00+00:00,4410.8,11,rank_dropout
baseline_net,GLAND,2026-05-22T00:00:00+00:00,2334,2026-05-29T00:00:00+00:00,2250,21,rank_dropout
baseline_net,ANGELONE,2026-05-22T00:00:00+00:00,339.35,2026-05-29T00:00:00+00:00,337.3,147,rank_dropout
baseline_net,IDEA,2026-05-22T00:00:00+00:00,13.73,2026-05-29T00:00:00+00:00,13.99,3641,rank_dropout
baseline_net,TATACOMM,2026-05-22T00:00:00+00:00,1964,2026-05-29T00:00:00+00:00,1965,25,rank_dropout
baseline_net,MOTHERSON,2026-05-22T00:00:00+00:00,136.18,2026-05-29T00:00:00+00:00,145.74,367,rank_dropout
baseline_net,JSWSTEEL,2026-05-22T00:00:00+00:00,1285.5,2026-05-29T00:00:00+00:00,1278,38,rank_dropout
baseline_net,BAJAJ-AUTO,2026-05-22T00:00:00+00:00,10549.5,2026-05-29T00:00:00+00:00,10460,2,rank_dropout
baseline_net,POWERINDIA,2026-05-29T00:00:00+00:00,38445,2026-06-05T00:00:00+00:00,36870,1,rank_dropout
baseline_net,KIRLOSENG,2026-05-29T00:00:00+00:00,1928,2026-06-05T00:00:00+00:00,1913.3,25,rank_dropout
baseline_net,AIAENG,2026-05-29T00:00:00+00:00,4503.6,2026-06-05T00:00:00+00:00,4630.7,11,rank_dropout
baseline_net,WELCORP,2026-05-29T00:00:00+00:00,1376.9,2026-06-05T00:00:00+00:00,1388.8,36,rank_dropout
baseline_net,GVT&D,2026-05-29T00:00:00+00:00,5148.6,2026-06-05T00:00:00+00:00,5067,9,rank_dropout
baseline_net,MINDACORP,2026-05-29T00:00:00+00:00,624.4,2026-06-05T00:00:00+00:00,643.4,80,rank_dropout
baseline_net,CEMPRO,2026-05-29T00:00:00+00:00,1071.15,2026-06-05T00:00:00+00:00,1112.8,46,rank_dropout
baseline_net,THERMAX,2026-05-29T00:00:00+00:00,4982.7,2026-06-05T00:00:00+00:00,4832.1,10,rank_dropout
baseline_net,NETWEB,2026-05-29T00:00:00+00:00,4670.7,2026-06-05T00:00:00+00:00,4666,10,rank_dropout
baseline_net,BHEL,2026-05-29T00:00:00+00:00,416.75,2026-06-05T00:00:00+00:00,386.95,119,rank_dropout
baseline_net,BANDHANBNK,2026-05-29T00:00:00+00:00,208.3,2026-06-05T00:00:00+00:00,205.87,240,rank_dropout
baseline_net,VEDL,2026-05-29T00:00:00+00:00,352.6,2026-06-05T00:00:00+00:00,315.6,141,rank_dropout
baseline_net,NAM-INDIA,2026-05-29T00:00:00+00:00,1100.2,2026-06-05T00:00:00+00:00,1113.1,45,rank_dropout
baseline_net,KPIL,2026-05-29T00:00:00+00:00,1305,2026-06-05T00:00:00+00:00,1290.3,38,rank_dropout
baseline_net,USHAMART,2026-05-29T00:00:00+00:00,506.05,2026-06-05T00:00:00+00:00,513.1,91,rank_dropout
baseline_net,ACUTAAS,2026-05-29T00:00:00+00:00,3132.5,2026-06-12T00:00:00+00:00,3145.3,15,rank_dropout
baseline_net,LAURUSLABS,2026-05-29T00:00:00+00:00,1362,2026-06-12T00:00:00+00:00,1394.3,36,rank_dropout
baseline_net,ADANIENT,2026-06-05T00:00:00+00:00,3048.2,2026-06-12T00:00:00+00:00,2921.6,16,rank_dropout
baseline_net,ADANIGREEN,2026-06-05T00:00:00+00:00,1525.7,2026-06-12T00:00:00+00:00,1485.7,32,rank_dropout
baseline_net,RRKABEL,2026-06-05T00:00:00+00:00,2223.4,2026-06-12T00:00:00+00:00,2168.2,22,rank_dropout
baseline_net,ADANIENSOL,2026-06-05T00:00:00+00:00,1579,2026-06-12T00:00:00+00:00,1489.6,31,rank_dropout
baseline_net,ACMESOLAR,2026-06-05T00:00:00+00:00,356.65,2026-06-12T00:00:00+00:00,335.75,140,rank_dropout
baseline_net,KIMS,2026-06-05T00:00:00+00:00,788.95,2026-06-12T00:00:00+00:00,785.1,63,rank_dropout
baseline_net,SHYAMMETL,2026-06-05T00:00:00+00:00,1001.3,2026-06-12T00:00:00+00:00,983.75,49,rank_dropout
baseline_net,ATHERENERG,2026-06-05T00:00:00+00:00,1033.6,2026-06-12T00:00:00+00:00,1028.7,48,rank_dropout
baseline_net,POLYCAB,2026-06-05T00:00:00+00:00,9699,2026-06-12T00:00:00+00:00,9554,5,rank_dropout
baseline_net,CGPOWER,2026-06-05T00:00:00+00:00,937.85,2026-06-12T00:00:00+00:00,914.45,53,rank_dropout
baseline_net,GRANULES,2026-06-05T00:00:00+00:00,789.85,2026-06-12T00:00:00+00:00,766.45,63,rank_dropout
baseline_net,HSCL,2026-06-05T00:00:00+00:00,685.05,2026-06-12T00:00:00+00:00,680.5,31,rank_dropout
baseline_net,ADANIPORTS,2026-05-15T00:00:00+00:00,1795.1,2026-06-19T00:00:00+00:00,1835.3,27,rank_dropout
baseline_net,SAILIFE,2026-05-29T00:00:00+00:00,1160,2026-06-19T00:00:00+00:00,1216.4,43,rank_dropout
baseline_net,SYRMA,2026-06-05T00:00:00+00:00,1226.8,2026-06-19T00:00:00+00:00,1334,40,rank_dropout
baseline_net,APOLLOHOSP,2026-06-05T00:00:00+00:00,8304.5,2026-06-19T00:00:00+00:00,8489.5,6,rank_dropout
baseline_net,IFCI,2026-06-12T00:00:00+00:00,84.57,2026-06-19T00:00:00+00:00,85.73,591,rank_dropout
baseline_net,MAHABANK,2026-06-12T00:00:00+00:00,87.3,2026-06-19T00:00:00+00:00,90.19,572,rank_dropout
baseline_net,CAPLIPOINT,2026-06-12T00:00:00+00:00,2407.8,2026-06-19T00:00:00+00:00,2503.5,20,rank_dropout
baseline_net,APARINDS,2026-06-12T00:00:00+00:00,15221,2026-06-19T00:00:00+00:00,16280,3,rank_dropout
baseline_net,J&KBANK,2026-06-12T00:00:00+00:00,157.4,2026-06-19T00:00:00+00:00,163.56,317,rank_dropout
baseline_net,ZYDUSLIFE,2026-06-12T00:00:00+00:00,1104.7,2026-06-19T00:00:00+00:00,1070.8,45,rank_dropout
baseline_net,JSWSTEEL,2026-06-12T00:00:00+00:00,1297.6,2026-06-19T00:00:00+00:00,1287.7,38,rank_dropout
baseline_net,IDEA,2026-06-12T00:00:00+00:00,14.9,2026-06-19T00:00:00+00:00,14.92,3355,rank_dropout
baseline_net,ASTERDM,2026-06-12T00:00:00+00:00,814.95,2026-06-19T00:00:00+00:00,809.4,5,rank_dropout
baseline_net,RBLBANK,2026-05-29T00:00:00+00:00,345,2026-06-25T00:00:00+00:00,371.05,144,rank_dropout
baseline_net,KEI,2026-06-12T00:00:00+00:00,5369.5,2026-06-25T00:00:00+00:00,5268,9,rank_dropout
baseline_net,ABSLAMC,2026-06-12T00:00:00+00:00,1101.2,2026-06-25T00:00:00+00:00,1141.2,45,rank_dropout
baseline_net,KPIL,2026-06-12T00:00:00+00:00,1301.6,2026-06-25T00:00:00+00:00,1384.2,38,rank_dropout
baseline_net,HFCL,2026-06-19T00:00:00+00:00,209.61,2026-06-25T00:00:00+00:00,215,238,rank_dropout
baseline_net,POLYCAB,2026-06-19T00:00:00+00:00,10083,2026-06-25T00:00:00+00:00,9531,4,rank_dropout
baseline_net,NAM-INDIA,2026-06-19T00:00:00+00:00,1186.9,2026-06-25T00:00:00+00:00,1139,42,rank_dropout
baseline_net,CEMPRO,2026-06-19T00:00:00+00:00,1252,2026-06-25T00:00:00+00:00,1213.4,39,rank_dropout
baseline_net,NYKAA,2026-06-19T00:00:00+00:00,302.3,2026-06-25T00:00:00+00:00,301.35,165,rank_dropout
baseline_net,CGPOWER,2026-06-19T00:00:00+00:00,963.7,2026-06-25T00:00:00+00:00,942.1,51,rank_dropout
baseline_net,ADANIENT,2026-06-19T00:00:00+00:00,3038.4,2026-06-25T00:00:00+00:00,3038,16,rank_dropout
baseline_net,FEDERALBNK,2026-06-05T00:00:00+00:00,304.15,2026-07-03T00:00:00+00:00,327.4,164,rank_dropout
baseline_net,WELCORP,2026-06-12T00:00:00+00:00,1402.3,2026-07-03T00:00:00+00:00,1439.3,35,rank_dropout
baseline_net,PIDILITIND,2026-06-12T00:00:00+00:00,1535.5,2026-07-03T00:00:00+00:00,1598,32,rank_dropout
baseline_net,RADICO,2026-06-19T00:00:00+00:00,3769.2,2026-07-03T00:00:00+00:00,3892.3,13,rank_dropout
baseline_net,ABCAPITAL,2026-06-19T00:00:00+00:00,375.9,2026-07-03T00:00:00+00:00,401.25,133,rank_dropout
baseline_net,AEGISLOG,2026-06-19T00:00:00+00:00,1007.8,2026-07-03T00:00:00+00:00,1325.4,49,rank_dropout
baseline_net,BHARATFORG,2026-06-19T00:00:00+00:00,2041.4,2026-07-03T00:00:00+00:00,2136.7,24,rank_dropout
baseline_net,ANANDRATHI,2026-06-19T00:00:00+00:00,1867.5,2026-07-03T00:00:00+00:00,2061.7,26,rank_dropout
baseline_net,NAVINFLUOR,2026-06-19T00:00:00+00:00,7493.5,2026-07-03T00:00:00+00:00,7552.5,3,rank_dropout
baseline_net,AUROPHARMA,2026-06-25T00:00:00+00:00,1555.2,2026-07-03T00:00:00+00:00,1620.5,32,rank_dropout
baseline_net,FLUOROCHEM,2026-06-25T00:00:00+00:00,3909.2,2026-07-03T00:00:00+00:00,3965.5,12,rank_dropout
baseline_net,RRKABEL,2026-06-25T00:00:00+00:00,2488.3,2026-07-03T00:00:00+00:00,2343.3,20,rank_dropout
baseline_net,NUVAMA,2026-06-25T00:00:00+00:00,1748.6,2026-07-03T00:00:00+00:00,1887.5,28,rank_dropout
baseline_net,CHOLAFIN,2026-06-25T00:00:00+00:00,1799.2,2026-07-03T00:00:00+00:00,1789.8,27,rank_dropout
baseline_net,DRREDDY,2026-06-25T00:00:00+00:00,1350.5,2026-07-03T00:00:00+00:00,1374.1,37,rank_dropout
baseline_net,SONACOMS,2026-06-25T00:00:00+00:00,619.25,2026-07-03T00:00:00+00:00,660.1,80,rank_dropout
baseline_net,ADANIGREEN,2026-06-25T00:00:00+00:00,1526.1,2026-07-10T00:00:00+00:00,1536.6,32,rank_dropout
baseline_net,WELSPUNLIV,2026-06-25T00:00:00+00:00,167.32,2026-07-10T00:00:00+00:00,166.17,298,rank_dropout
baseline_net,ZYDUSLIFE,2026-07-03T00:00:00+00:00,1140.6,2026-07-10T00:00:00+00:00,1150.8,43,rank_dropout
baseline_net,SAILIFE,2026-07-03T00:00:00+00:00,1257.3,2026-07-10T00:00:00+00:00,1265,39,rank_dropout
baseline_net,ZYDUSWELL,2026-07-03T00:00:00+00:00,598.3,2026-07-10T00:00:00+00:00,592.45,83,rank_dropout
baseline_net,INDUSINDBK,2026-07-03T00:00:00+00:00,974.35,2026-07-10T00:00:00+00:00,1015.8,51,rank_dropout
baseline_net,IPCALAB,2026-07-03T00:00:00+00:00,1778.9,2026-07-10T00:00:00+00:00,1787.9,28,rank_dropout
baseline_net,ADANIENT,2026-07-03T00:00:00+00:00,3212.1,2026-07-10T00:00:00+00:00,3157.3,15,rank_dropout
baseline_net,AADHARHFC,2026-07-03T00:00:00+00:00,555.6,2026-07-10T00:00:00+00:00,534.55,89,rank_dropout
baseline_net,KIMS,2026-07-03T00:00:00+00:00,850.65,2026-07-10T00:00:00+00:00,814.9,58,rank_dropout
baseline_net,CGCL,2026-07-03T00:00:00+00:00,233.87,2026-07-10T00:00:00+00:00,252.22,213,rank_dropout
baseline_net,SCHNEIDER,2026-07-03T00:00:00+00:00,1481.6,2026-07-10T00:00:00+00:00,1414.2,33,rank_dropout
baseline_net,LTF,2026-07-03T00:00:00+00:00,327,2026-07-10T00:00:00+00:00,321.25,152,rank_dropout
baseline_net,TORNTPHARM,2026-07-03T00:00:00+00:00,4768.3,2026-07-17T00:00:00+00:00,4763,10,rank_dropout
baseline_net,PHOENIXLTD,2026-07-03T00:00:00+00:00,2047.6,2026-07-17T00:00:00+00:00,2075.8,24,rank_dropout
baseline_net,LUPIN,2026-07-03T00:00:00+00:00,2476,2026-07-17T00:00:00+00:00,2443.2,20,rank_dropout
baseline_net,GRANULES,2026-07-03T00:00:00+00:00,833.8,2026-07-17T00:00:00+00:00,880.8,59,rank_dropout
baseline_net,LAURUSLABS,2026-07-03T00:00:00+00:00,1542.3,2026-07-17T00:00:00+00:00,1529.8,32,rank_dropout
baseline_net,NYKAA,2026-07-10T00:00:00+00:00,330.1,2026-07-17T00:00:00+00:00,323.05,151,rank_dropout
baseline_net,RBLBANK,2026-07-10T00:00:00+00:00,380.65,2026-07-17T00:00:00+00:00,368.1,131,rank_dropout
baseline_net,ABCAPITAL,2026-07-10T00:00:00+00:00,408.3,2026-07-17T00:00:00+00:00,401.55,122,rank_dropout
baseline_net,DELHIVERY,2026-07-10T00:00:00+00:00,520.3,2026-07-17T00:00:00+00:00,492.15,96,rank_dropout
baseline_net,PNBHOUSING,2026-07-10T00:00:00+00:00,1110.6,2026-07-17T00:00:00+00:00,1099.8,45,rank_dropout
baseline_net,NUVAMA,2026-07-10T00:00:00+00:00,1977.6,2026-07-17T00:00:00+00:00,1863.1,25,rank_dropout
baseline_net,GRASIM,2026-07-10T00:00:00+00:00,3213.6,2026-07-17T00:00:00+00:00,3109.7,15,rank_dropout
baseline_net,JINDALSAW,2026-07-10T00:00:00+00:00,275.8,2026-07-17T00:00:00+00:00,269.45,181,rank_dropout
baseline_net,NAVINFLUOR,2026-07-10T00:00:00+00:00,7712,2026-07-17T00:00:00+00:00,7579,6,rank_dropout
baseline_net,WELCORP,2026-07-10T00:00:00+00:00,1612.6,2026-07-17T00:00:00+00:00,1581.5,31,rank_dropout
baseline_net,OFSS,2026-06-25T00:00:00+00:00,10974.5,2026-07-24T00:00:00+00:00,10652,4,rank_dropout
baseline_net,IKS,2026-07-10T00:00:00+00:00,1928.1,2026-07-24T00:00:00+00:00,1759.8,25,rank_dropout
baseline_net,HSCL,2026-07-17T00:00:00+00:00,741.55,2026-07-24T00:00:00+00:00,789.55,67,rank_dropout
baseline_net,SONACOMS,2026-07-17T00:00:00+00:00,704.85,2026-07-24T00:00:00+00:00,717.95,70,rank_dropout
baseline_net,INDUSINDBK,2026-07-17T00:00:00+00:00,1027.2,2026-07-24T00:00:00+00:00,996.05,48,rank_dropout
baseline_net,CEMPRO,2026-07-17T00:00:00+00:00,1615,2026-07-24T00:00:00+00:00,1441,30,rank_dropout
baseline_net,ASTERDM,2026-07-17T00:00:00+00:00,819.9,2026-07-24T00:00:00+00:00,785.65,60,rank_dropout
baseline_net,ADANIENSOL,2026-07-17T00:00:00+00:00,1722.6,2026-07-24T00:00:00+00:00,1702.2,29,rank_dropout
baseline_net,BHARATFORG,2026-07-17T00:00:00+00:00,2190.5,2026-07-24T00:00:00+00:00,2151.6,22,rank_dropout
baseline_net,SAILIFE,2026-07-17T00:00:00+00:00,1272,2026-07-24T00:00:00+00:00,1232.9,39,rank_dropout
baseline_net,BIOCON,2026-07-17T00:00:00+00:00,437.2,2026-07-24T00:00:00+00:00,433.65,114,rank_dropout
baseline_net,APOLLOHOSP,2026-06-25T00:00:00+00:00,8592,2026-07-27T00:00:00+00:00,8847,5,rank_dropout
baseline_net,EXIDEIND,2026-07-17T00:00:00+00:00,435.2,2026-07-27T00:00:00+00:00,426.85,114,rank_dropout
baseline_net,LALPATHLAB,2026-07-24T00:00:00+00:00,1759.2,2026-07-27T00:00:00+00:00,1830.4,28,rank_dropout
baseline_net,KARURVYSYA,2026-07-24T00:00:00+00:00,338.9,2026-07-27T00:00:00+00:00,340,147,rank_dropout
baseline_net,TVSMOTOR,2026-07-24T00:00:00+00:00,3870.2,2026-07-27T00:00:00+00:00,3881.9,12,rank_dropout
baseline_net,SUNPHARMA,2026-07-10T00:00:00+00:00,1935.5,2026-07-27T00:00:00+00:00,1973.1,25,final_close
baseline_net,FEDERALBNK,2026-07-10T00:00:00+00:00,329.85,2026-07-27T00:00:00+00:00,356.25,151,final_close
baseline_net,FLUOROCHEM,2026-07-17T00:00:00+00:00,4144.9,2026-07-27T00:00:00+00:00,4570.6,12,final_close
baseline_net,TITAN,2026-07-17T00:00:00+00:00,4638.1,2026-07-27T00:00:00+00:00,4739,10,final_close
baseline_net,LLOYDSME,2026-07-17T00:00:00+00:00,1865.4,2026-07-27T00:00:00+00:00,2014.9,26,final_close
baseline_net,RADICO,2026-07-17T00:00:00+00:00,4097.9,2026-07-27T00:00:00+00:00,4149.8,12,final_close
baseline_net,DIVISLAB,2026-07-17T00:00:00+00:00,7247.5,2026-07-27T00:00:00+00:00,7418,6,final_close
baseline_net,LAURUSLABS,2026-07-24T00:00:00+00:00,1601.2,2026-07-27T00:00:00+00:00,1709,31,final_close
baseline_net,MANAPPURAM,2026-07-24T00:00:00+00:00,352.95,2026-07-27T00:00:00+00:00,360.45,141,final_close
baseline_net,UNITDSPR,2026-07-24T00:00:00+00:00,1467.2,2026-07-27T00:00:00+00:00,1482,34,final_close
baseline_net,BAJAJ-AUTO,2026-07-24T00:00:00+00:00,11130,2026-07-27T00:00:00+00:00,11199,4,final_close
baseline_net,MARICO,2026-07-24T00:00:00+00:00,855.6,2026-07-27T00:00:00+00:00,858.8,58,final_close
baseline_net,RRKABEL,2026-07-24T00:00:00+00:00,2493.6,2026-07-27T00:00:00+00:00,2549.9,20,final_close
baseline_net,TORNTPHARM,2026-07-24T00:00:00+00:00,4961.5,2026-07-27T00:00:00+00:00,5010,10,final_close
baseline_net,CREDITACC,2026-07-27T00:00:00+00:00,1603.5,2026-07-27T00:00:00+00:00,1603.5,31,final_close
baseline_net,SAILIFE,2026-07-27T00:00:00+00:00,1287.6,2026-07-27T00:00:00+00:00,1287.6,38,final_close
baseline_net,SAREGAMA,2026-07-27T00:00:00+00:00,515,2026-07-27T00:00:00+00:00,515,97,final_close
baseline_net,EMCURE,2026-07-27T00:00:00+00:00,1925.3,2026-07-27T00:00:00+00:00,1925.3,25,final_close
baseline_net,PIDILITIND,2026-07-27T00:00:00+00:00,1610.8,2026-07-27T00:00:00+00:00,1610.8,31,final_close
baseline_net,NH,2026-07-27T00:00:00+00:00,2056.4,2026-07-27T00:00:00+00:00,2056.4,16,final_close
